fecha,actual_mean,actual_min,actual_max,actual_std,predicted_mean,predicted_min,predicted_max,predicted_std
2023-01-01,12.538392217090069,1.7004199999999983,22.198019999999996,3.4187423413676297,11.890576,5.618233,22.268463,1.8670491
2023-01-02,10.296912002288327,-0.8005100000000014,21.301249999999996,4.043459322795483,10.213053,2.7458189,19.552053,1.7938048
2023-01-03,9.300819448275861,-2.19858,21.802549999999997,4.564408805659074,9.676287,2.534132,21.073025,2.3256402
2023-01-04,9.353708589449539,-0.4997300000000005,21.40151,4.595704808188466,9.549453,4.184849,20.662832,2.0508718
2023-01-05,8.972093325688071,-0.8005100000000014,21.40151,4.497756889029197,9.384128,2.5956712,20.441244,2.2383738
2023-01-06,8.348569919632606,-1.6025899999999995,20.398909999999997,4.551986183802019,8.802152,2.9377387,19.710112,1.8894283
2023-01-07,8.896374541284402,-1.001030000000001,20.398909999999997,4.487522383510365,9.344681,2.7824233,20.333284,2.3344443
2023-01-08,11.774276009174311,-1.5023300000000013,20.59943,3.661211567077468,11.753562,7.201996,20.981586,1.6086357
2023-01-09,10.73460827784156,-6.19784,21.100730000000002,4.75880075375917,10.53832,5.2743597,19.316992,2.0948727
2023-01-10,10.078986862068964,-2.3991000000000016,20.799949999999995,4.244925941685374,10.13575,3.6088657,20.894241,1.9768947
2023-01-11,9.756743938002295,-3.1009200000000017,21.702289999999998,4.314459850835207,10.01585,4.4964886,19.814066,1.9300506
2023-01-12,9.066029587155962,-2.29884,21.40151,4.289536871358414,9.238771,3.6739423,20.566195,1.9302781
2023-01-13,9.573937944890929,-0.5999900000000018,21.00047,3.981732028239625,9.777648,3.4023116,20.689486,1.9816182
2023-01-14,9.7449610882016,1.60016,21.50177,3.977244159934069,9.951407,3.9113674,21.088013,1.9943429
2023-01-15,8.802937393800228,-4.198210000000001,22.198019999999996,4.646738338006952,8.9877,3.4555323,20.863638,2.1143775
2023-01-16,8.587354518348622,-6.19784,21.50177,4.6026279911442955,8.756917,2.0274885,19.817719,2.14808
2023-01-17,8.784210115074798,-8.00252,20.59943,4.946008926888596,8.796042,2.698441,20.993662,2.2580483
2023-01-18,5.783973097447795,-12.397250000000001,19.99787,5.25485805877897,6.070939,-0.8182065,19.021196,2.795843
2023-01-19,6.280645150115473,-10.00215,19.70266,4.606065195754036,6.700303,-0.702804,19.807901,2.3243275
2023-01-20,8.760266954022986,-11.60074,20.19839,4.913287767158898,8.811555,0.91725594,20.781057,2.4383695
2023-01-21,6.815232190366971,-14.998440000000002,20.19839,5.64911636790882,7.0567713,-0.27590454,19.907795,2.7853503
2023-01-22,5.234230080367393,-14.302190000000001,21.200989999999997,5.3390559968765565,5.119744,-0.37243953,13.120841,1.8605623
2023-01-23,4.444378906789412,-12.397250000000001,20.398909999999997,5.350627545574051,4.8790674,-2.2785058,17.733505,2.6493108
2023-01-24,4.373827931034481,-10.59814,19.797349999999994,5.127804216850628,4.94528,-1.3910854,17.825153,2.3377538
2023-01-25,5.232665304948215,-10.29736,19.6024,4.950576413496488,5.723825,-3.8709714,18.103224,2.51371
2023-01-26,5.500187227949598,-10.79866,19.99787,4.616632816308184,5.9960036,-1.6512506,20.021774,2.4387255
2023-01-27,5.3164932155074105,-12.30256,18.80032,4.715593748929292,5.848866,-2.6338248,19.357347,2.5405688
2023-01-28,5.0803341942857125,-10.89892,18.80032,4.624850447637147,5.509775,0.17074382,11.787557,1.6347511
2023-01-29,4.547651222857142,-8.598510000000001,18.5998,4.7240150466682715,5.099683,-0.944032,18.072866,2.2730134
2023-01-30,5.1783636073059345,-8.00252,18.39928,4.466275764035279,5.6795974,-1.0744375,16.290722,1.9838465
2023-01-31,6.582907379862699,-4.3987300000000005,19.1011,4.162626904121102,6.879645,-0.19069728,14.200487,1.6653656
2023-02-01,6.9756087613636355,-2.3991000000000016,19.000839999999997,3.7857715027996246,7.458977,0.7211083,19.123962,1.9754741
2023-02-02,7.481908517673887,-3.401700000000001,18.5998,3.6821512955281874,7.8231015,0.47350097,19.10703,2.221618
2023-02-03,8.356315662100455,-2.8001400000000007,19.000839999999997,3.310261108346367,8.469598,3.5590196,17.25082,1.6683148
2023-02-04,8.932966556442416,-0.39947000000000227,18.900579999999994,3.474922472363913,9.109265,1.8745685,19.483316,2.0800092
2023-02-05,8.72344226393629,-3.99769,18.39928,3.6451812240870995,8.706248,2.4825761,15.142992,1.5701157
2023-02-06,6.940527551252846,-7.802,18.80032,4.296708452113081,7.2300673,1.3502144,17.408024,1.8005626
2023-02-07,5.867243637400226,-8.00252,19.401879999999995,4.848554293698071,6.4028363,-1.3051145,17.6246,2.1343052
2023-02-08,7.324628718535467,-7.6014800000000005,18.70006,4.033199993134099,7.8601475,0.5833657,17.797922,2.0094483
2023-02-09,7.00913289142857,-8.999550000000001,18.5998,4.400929558200701,7.3724313,0.23011003,17.990343,2.125571
2023-02-10,6.430316484018263,-5.501590000000001,18.80032,4.141316733594182,6.861096,-0.1164277,17.181503,2.146625
2023-02-11,6.98355864155251,-3.8027400000000013,19.000839999999997,4.25645736235149,7.1311913,1.3442152,17.495178,2.0315993
2023-02-12,7.812102499999999,-3.2011800000000012,19.99787,4.35456062127035,7.8551087,1.7229218,18.104414,2.0057795
2023-02-13,8.817314034285713,-1.9980600000000008,19.797349999999994,4.008837040110035,8.980864,3.7606354,18.013754,1.9031892
2023-02-14,9.32554676168757,-3.0006600000000003,20.09813,4.072931494668638,9.256556,3.3363984,18.28761,1.8827593
2023-02-15,9.634149100227788,-3.401700000000001,18.80032,3.5625083576459367,9.757894,1.9445603,18.522348,1.7865316
2023-02-16,9.4494027283105,-3.2011800000000012,17.69746,3.3987018472412887,9.70172,1.9957544,18.795404,1.9259449
2023-02-17,9.995907277904326,-1.7975400000000012,19.502139999999997,3.2844348862923773,10.029289,2.645627,19.192019,1.6403476
2023-02-18,11.060465210946406,-1.9980600000000008,19.797349999999994,3.426697409315088,10.840288,3.4142716,20.029427,1.7077308
2023-02-19,11.74891569476082,-0.39947000000000227,20.19839,2.8054837798485486,11.584231,6.1805115,18.64827,1.6741806
2023-02-20,12.452996966932725,0.9985999999999983,19.99787,2.6808995116622625,12.220391,4.4999714,19.806225,1.6272514
2023-02-21,12.231182948571426,-0.9007699999999996,21.00047,2.985312393495548,12.0114565,4.258237,20.189045,1.4275423
2023-02-22,10.743133990877991,-1.6025899999999995,20.59943,3.611305074110994,10.948364,5.510714,20.947212,1.6744617
2023-02-23,7.525777220956718,-5.997320000000001,19.897609999999997,4.83298726267418,8.123674,0.90224963,19.235672,2.2119334
2023-02-24,6.344471084474884,-7.40096,19.6024,4.937729990943714,6.7997317,-1.861572,18.049206,2.5171163
2023-02-25,6.157568257403188,-10.202670000000001,19.20136,4.6984996887062,6.8681197,-1.4916608,18.948017,2.4329538
2023-02-26,7.028061560364463,-12.898550000000002,20.699689999999997,5.103865668324048,7.3632975,-0.43827808,19.523481,2.4018495
2023-02-27,4.666633218785795,-14.40245,20.09813,5.95688733871287,4.860953,-3.018661,17.654028,2.8399138
2023-02-28,5.351043990825687,-10.79866,20.699689999999997,5.63218978431107,5.6261835,-2.0750608,19.247684,2.616582
2023-03-01,4.965286639999999,-8.39799,21.00047,5.505043068888975,5.4389877,-0.57297957,18.744823,2.6560364
2023-03-02,5.626658891428571,-9.40059,21.00047,5.1703688155433,6.0192504,-1.0636624,18.575195,2.5083692
2023-03-03,7.145833230944254,-6.598880000000001,21.40151,4.841290713303641,7.3756776,1.4235361,19.756718,2.3449156
2023-03-04,8.025344886363635,-5.000290000000001,20.799949999999995,4.387561091530532,8.258156,0.9973438,19.393564,2.178495
2023-03-05,8.050454459613196,-2.599620000000001,21.200989999999997,4.2359081791290585,8.532199,2.796042,20.563585,2.017805
2023-03-06,10.076143956670467,-4.799770000000001,21.00047,3.833362909672517,10.313074,3.5199287,20.538837,2.0237365
2023-03-07,11.824555360824741,-3.8027400000000013,20.799949999999995,3.844372849082473,11.868004,5.89996,20.986572,1.8736811
2023-03-08,14.252809223744292,-0.19894999999999963,21.997500000000002,3.220516406460496,13.930756,8.416188,21.335306,1.470316
2023-03-09,14.396528452787257,-1.001030000000001,22.29828,3.5233699949589905,13.919857,8.694658,21.447561,1.4799209
2023-03-10,14.730140831435078,0.20208999999999946,23.40114,3.6646718812465577,14.1861105,8.016247,21.831713,1.5452006
2023-03-11,15.877677704545453,2.2017199999999986,25.20025,3.5803362959086504,15.216613,10.92865,21.990917,1.5032641
2023-03-12,16.723381695108078,3.299009999999998,27.400399999999998,3.207043691002232,16.163326,10.08463,22.540161,1.3879586
2023-03-13,15.361035753424657,1.8006799999999996,24.29791,3.5493219514320264,15.030491,9.330333,19.97793,1.5381775
2023-03-14,12.664490754285714,-5.000290000000001,23.80218,4.299223032894423,12.192831,5.739427,22.26085,1.8399138
2023-03-15,13.30220979498861,-0.5999900000000018,22.198019999999996,3.350116808920999,13.2302685,6.88022,21.71471,1.6596738
2023-03-16,14.435230812356979,4.79734,23.200619999999997,2.923578361010055,14.171601,7.3324676,21.082457,1.5765605
2023-03-17,12.959320763968071,0.89834,21.802549999999997,3.161365578506429,12.836635,7.249996,21.12379,1.6654375
2023-03-18,12.275506408209806,-1.6972800000000015,21.00047,3.485529320004718,12.228461,4.8004293,21.08444,1.6923741
2023-03-19,12.2134044013683,-3.2011800000000012,20.799949999999995,3.414408791258329,12.287752,4.850528,20.986464,1.7970645
2023-03-20,12.684071691428569,-0.5999900000000018,20.49917,2.839007882176621,12.843834,6.7231584,20.792686,1.6040678
2023-03-21,13.260064817351598,2.30198,21.802549999999997,2.7287980018390847,13.251825,6.904725,21.288084,1.5422038
2023-03-22,13.920213348519361,2.797709999999998,24.29791,2.964870653917712,13.8790655,7.3798504,19.597288,1.5364699
2023-03-23,15.045365153933865,5.098119999999998,24.799209999999995,3.140147696176325,14.649709,6.565566,20.43834,1.5486901
2023-03-24,14.393872041049029,1.8006799999999996,26.397799999999997,3.748217095178964,14.081217,6.5351367,21.471947,1.6564323
2023-03-25,14.44990865450399,0.89834,26.698579999999996,4.545684255190345,14.179848,6.0584044,22.758505,1.8475114
2023-03-26,14.892659794520545,-1.4020700000000001,26.197279999999996,4.646538974026368,14.278413,8.708655,21.258038,1.8701463
2023-03-27,13.496441516533636,-3.70248,26.002329999999997,4.724812762975663,13.111427,6.283982,22.668962,1.9784052
2023-03-28,14.820675810502282,0.5975599999999992,27.50066,3.695597492654559,14.4787445,6.3048744,22.890406,1.6677228
2023-03-29,16.91477633142857,6.4014999999999995,28.998989999999996,3.46529322527938,16.219482,10.515838,24.402582,1.6460263
2023-03-30,16.95067212814645,5.799939999999998,32.50252,4.1207076142737735,16.19167,9.096586,24.110567,1.6617038
2023-03-31,16.920575199543897,0.402609999999999,32.79773,4.841885340890188,15.946709,8.891211,24.075863,1.7042345
2023-04-01,14.060847012542757,-5.200810000000001,26.397799999999997,5.170079602461706,13.606627,5.677357,23.212994,1.917975
2023-04-02,12.517925256556442,-5.997320000000001,25.90207,5.049836081079102,12.18252,5.1191373,19.753119,1.9964513
2023-04-03,12.12508652920962,-4.5992500000000005,23.30088,4.209507734837732,12.050152,5.3116927,20.843225,2.0086343
2023-04-04,12.191333990877991,-6.39836,21.997500000000002,4.053984473769757,12.155531,5.8236237,20.536812,1.9650143
2023-04-05,11.94281164196123,-5.000290000000001,22.599059999999998,3.887456883283371,11.972821,3.5415268,21.428333,1.9121913
2023-04-06,13.149240615735462,-0.39947000000000227,22.39854,3.410928164740356,13.137327,6.3416367,20.807617,1.8091352
2023-04-07,13.84723393629124,1.299379999999999,20.699689999999997,2.7958148586499023,13.907131,5.395738,20.46465,1.5681454
2023-04-08,14.990725478359908,1.3996400000000004,22.79958,2.8902117488135075,15.157439,8.919132,21.388273,1.4953082
2023-04-09,15.520472816419609,2.9982299999999977,22.79958,3.0095001626269315,15.603945,8.924351,21.608057,1.513786
2023-04-10,16.702265496009122,3.599789999999999,27.80144,3.563067079520235,16.473715,9.825227,23.646435,1.6020558
2023-04-11,16.355096365714285,3.8003099999999987,26.79884,3.2629076625428826,16.255089,10.55438,22.19215,1.4896814
2023-04-12,14.242044372146117,-1.7975400000000012,26.698579999999996,5.108764343523093,14.251401,9.017561,22.738588,1.8748577
2023-04-13,11.715197340182646,-6.7994,23.40114,5.064565513001553,11.713496,4.5031934,21.885942,2.2298734
2023-04-14,13.79573209567198,-3.0006600000000003,23.80218,3.687926774235719,13.772394,4.862105,21.230747,1.7034839
2023-04-15,15.13558465142857,-4.900030000000001,24.398169999999997,4.372442336270433,14.93936,7.3677573,20.915749,1.7989842
2023-04-16,14.876547488584473,-4.5992500000000005,24.19765,3.957214064108996,14.725987,6.8527274,21.844662,1.8889267
2023-04-17,14.38488053652968,-3.99769,23.000099999999996,3.8645889832899423,14.294171,8.543901,21.173964,1.7691531
2023-04-18,14.128033203661326,-1.897800000000001,22.599059999999998,3.8726686074845564,14.297068,9.265115,21.141825,1.747248
2023-04-19,15.27593429223744,1.1991199999999977,23.000099999999996,3.0177863445673196,15.427854,10.606222,21.603016,1.4801924
2023-04-20,15.987991392694063,2.797709999999998,22.39854,2.7505821823009025,16.14946,9.236667,22.695375,1.5269823
2023-04-21,15.721255828571428,3.599789999999999,22.097759999999997,2.8955251676433664,15.867391,9.203139,21.01809,1.5594522
2023-04-22,14.910771155606406,0.5975599999999992,23.000099999999996,3.547110572491473,14.9034815,7.4825306,22.03556,1.6918861
2023-04-23,15.54277600229095,0.402609999999999,23.501399999999997,3.458859376792995,15.707784,9.104868,21.77133,1.6942204
2023-04-24,16.79801665521191,0.402609999999999,24.398169999999997,3.346541839484076,16.866474,11.337379,23.424742,1.5434722
2023-04-25,18.3865021395881,3.19875,26.002329999999997,3.190373209813923,18.280777,11.723712,24.097277,1.477858
2023-04-26,19.203357033218786,5.799939999999998,28.00196,3.0863760820111237,19.005615,14.183512,23.82386,1.467174
2023-04-27,20.249864702517158,7.198009999999998,29.901329999999994,3.048369158062666,19.929846,13.980983,24.543575,1.3767276
2023-04-28,20.641274942922372,10.601279999999997,29.29977,3.2199946363007492,20.06611,14.947771,24.782095,1.3948026
2023-04-29,19.76530978310502,6.6020199999999996,28.202479999999998,3.5502756261284647,19.15283,14.682365,24.685246,1.4575322
2023-04-30,18.182062716894976,0.7980799999999988,26.99936,3.8952208991797894,17.736622,12.181711,23.21211,1.544614
2023-05-01,17.8624314187643,-1.5023300000000013,26.197279999999996,3.8987556650441837,17.696531,10.609185,23.253511,1.5996004
2023-05-02,18.807038453608246,2.30198,26.197279999999996,3.448188806805295,18.483816,13.024518,24.827795,1.55095
2023-05-03,19.64555794050343,9.398159999999997,26.10259,2.7372783377242125,19.163982,13.127869,23.592289,1.430327
2023-05-04,17.879214175317184,6.4014999999999995,24.398169999999997,2.9035727714712842,17.691484,12.545997,22.99955,1.4825413
2023-05-05,17.948878275862068,7.198009999999998,24.799209999999995,2.9969287736582815,17.977436,11.339883,23.44025,1.5504731
2023-05-06,18.340737246543778,6.4014999999999995,24.49843,3.0229382623509875,18.313498,11.886961,23.47084,1.5354741
2023-05-07,18.16510202078522,2.6027599999999977,26.197279999999996,3.5200926540692534,18.084755,10.43114,22.645443,1.5680336
2023-05-08,18.651964820809248,3.19875,26.397799999999997,3.395791437544488,18.573914,13.861113,23.357811,1.5307148
2023-05-09,18.971927218390803,2.402239999999998,28.102219999999996,4.255005248491022,18.732668,11.303343,23.930288,1.7405794
2023-05-10,17.127599758897816,-2.8001400000000007,27.701179999999997,4.96263267067062,16.828136,10.588099,23.778128,2.0435553
2023-05-11,15.527702826086955,-2.6998800000000007,25.20025,4.743921280038389,15.554562,8.380258,22.852896,2.0614357
2023-05-12,14.31501362385321,-3.2011800000000012,23.80218,4.644046716452183,14.340643,3.3733015,22.043617,2.0156615
2023-05-13,13.942331369390102,-2.6998800000000007,23.200619999999997,4.039397598562636,14.140417,6.2658215,21.091398,1.9759486
2023-05-14,14.958152009237873,-1.6025899999999995,23.10036,3.6982493717235365,15.017326,9.068827,21.694704,1.8898009
2023-05-15,15.524256237054084,-1.7975400000000012,25.400769999999998,4.2831454541718355,15.622103,9.089329,22.95689,1.8919818
2023-05-16,15.398626777905637,-3.3014400000000013,24.19765,4.58633274057684,15.286625,6.4471655,22.906473,2.0721438
2023-05-17,15.16084738780207,-4.298470000000001,23.601659999999995,4.177336599897977,14.976305,8.191243,22.105795,2.0037012
2023-05-18,14.51101432369942,-4.198210000000001,23.40114,4.150840006749586,14.4884405,4.267251,22.576561,2.1406128
2023-05-19,14.383432205542723,-2.3991000000000016,22.79958,3.692753703087564,14.478345,7.0015254,21.469408,1.9074054
2023-05-20,14.608168198614317,-1.7975400000000012,23.000099999999996,3.647403214347991,14.835698,7.1342983,21.576777,1.934983
2023-05-21,14.866450894308942,-1.001030000000001,22.39854,3.2271220465623256,15.271994,4.8684626,21.519804,1.8721094
2023-05-22,15.618342671312426,-0.9007699999999996,23.40114,3.2767307732265794,16.002468,6.740691,21.123343,1.7690955
2023-05-23,16.335718344988344,0.20208999999999946,22.699319999999997,3.0079559824300466,16.801044,8.59485,21.892088,1.6952957
2023-05-24,16.87123684149184,0.5975599999999992,22.599059999999998,2.969330919721349,17.321323,8.202541,21.913403,1.5744363
2023-05-25,16.579120581395348,1.8006799999999996,23.40114,3.5496993408381203,16.954264,7.2633324,22.077295,1.6810617
2023-05-26,16.72608438372093,3.0984899999999986,23.40114,3.367641921101665,17.155287,8.305301,21.724285,1.621645
2023-05-27,17.857129040462425,2.402239999999998,22.79958,2.8607670311265614,18.214384,12.853672,22.663797,1.5674244
2023-05-28,17.579463777520278,1.60016,23.80218,2.8049420497662236,17.990084,11.83975,22.424917,1.5103842
2023-05-29,17.76599997687861,1.3996400000000004,23.40114,2.769711926279476,18.16288,9.889501,22.686491,1.5701871
2023-05-30,17.82709143518518,1.8006799999999996,24.398169999999997,2.8642484367917906,18.2941,11.333818,22.599697,1.6292349
2023-05-31,18.322508341067284,2.797709999999998,24.398169999999997,2.8934128168824387,18.601498,10.222992,23.758194,1.5601085
2023-06-01,17.924381415420022,3.499529999999998,24.398169999999997,3.1893522767035347,18.320705,9.724471,24.133106,1.6091474
2023-06-02,18.252959641618496,1.60016,24.999729999999996,2.9396908026827866,18.58233,13.162085,23.24554,1.5902911
2023-06-03,18.54743556069364,2.2017199999999986,24.598689999999998,2.8662840254979063,18.981184,13.489554,23.617182,1.5702214
2023-06-04,19.06788701509872,4.10109,24.598689999999998,2.932872938051991,19.449505,14.10601,25.681232,1.6462953
2023-06-05,19.685820615563298,5.398899999999999,25.400769999999998,2.799486806236344,19.98799,12.460822,26.223251,1.5930595
2023-06-06,20.522899105691053,6.6020199999999996,26.99936,2.947410936452575,20.640285,12.467711,25.24363,1.557503
2023-06-07,19.285090300578034,7.7995699999999974,26.99936,2.9344178652522745,19.392946,10.990427,24.407091,1.5755123
2023-06-08,19.45679711981567,6.000459999999998,26.698579999999996,2.866492376079441,19.729427,13.646164,24.469666,1.4711922
2023-06-09,19.81703408515535,5.398899999999999,26.49806,3.2064056562967522,20.09457,14.01245,24.594921,1.5787394
2023-06-10,20.375859065743946,8.401129999999998,27.80144,3.100964032293728,20.52764,15.075109,26.432644,1.5473061
2023-06-11,20.49485132488479,7.398529999999998,27.199879999999997,3.006833352424457,20.696651,14.729651,25.615875,1.5217721
2023-06-12,20.384817771362584,7.699309999999999,27.901699999999998,3.0912681948943392,20.5796,14.502884,26.751633,1.6039172
2023-06-13,19.407868554913296,5.799939999999998,26.79884,3.315572273094121,19.726145,13.375845,24.722721,1.6369884
2023-06-14,20.227832342135475,5.398899999999999,27.199879999999997,3.227511864348933,20.507408,14.4192505,25.136919,1.6392431
2023-06-15,21.815749173363947,6.802539999999999,29.099249999999998,3.27516853072446,21.8742,16.198437,28.36553,1.5614711
2023-06-16,23.130697634902408,10.200239999999999,30.59758,3.123572707741416,23.022514,17.896975,29.069717,1.4984385
2023-06-17,23.539992600690447,11.00232,30.49732,3.243983876743501,23.244518,17.187391,28.081326,1.5380635
2023-06-18,21.856828556581988,8.60165,28.998989999999996,3.2050520903443136,21.701183,16.123884,28.553068,1.6189551
2023-06-19,21.60093141868512,8.401129999999998,29.70081,3.429681033262863,21.62318,15.207025,28.401167,1.6851327
2023-06-20,21.398076877880182,9.197639999999998,30.402629999999995,3.498872824431318,21.611816,13.767698,26.599266,1.6743027
2023-06-21,21.121503728423473,8.401129999999998,29.60055,3.509347910685591,21.402494,13.863172,27.428493,1.6534357
2023-06-22,21.687062338709676,7.398529999999998,29.19951,3.4496741887062674,22.050343,16.283356,27.277252,1.6550442
2023-06-23,23.165817103448273,9.398159999999997,30.99862,3.3105640728698207,23.217762,17.802324,27.839483,1.584493
2023-06-24,24.44486591274397,11.798829999999999,32.602779999999996,3.403689078120813,24.21809,19.006006,29.362045,1.4975297
2023-06-25,25.16624031070195,13.597939999999998,33.80033,3.9569606965631627,24.989784,18.654062,30.503775,1.637376
2023-06-26,24.975137683486235,10.601279999999997,34.60241,4.307645853564188,24.69011,18.7,29.845045,1.709442
2023-06-27,24.368399530355095,12.80143,32.89799,3.9233125548834797,24.150318,18.087465,30.303986,1.6991628
2023-06-28,24.595503501144165,13.001949999999995,34.10111,3.9158648528416293,24.321016,16.905071,30.801235,1.6959308
2023-06-29,23.351227428243398,7.7995699999999974,33.198769999999996,4.713743753045304,23.269226,15.560443,30.266735,1.8991674
2023-06-30,21.427096188289322,4.000829999999999,31.09888,4.463075421735237,21.5721,14.221668,28.303719,2.0078785
2023-07-01,22.49934357060849,5.5994199999999985,30.001589999999997,3.6301834142152747,22.774296,16.937862,28.771624,1.7252462
2023-07-02,23.73599717067583,8.60165,31.49992,3.8066692949388097,23.899942,17.801645,29.360586,1.6777747
2023-07-03,23.825531890034362,10.601279999999997,31.800699999999996,3.826913159072629,23.83547,17.395382,30.085909,1.6475353
2023-07-04,23.63137942726231,9.99972,31.299399999999995,3.8316718115239463,23.689856,17.859575,29.836254,1.7713566
2023-07-05,23.071263744292235,8.902429999999999,30.69784,3.6899991700046306,23.327095,16.565405,29.39022,1.6836274
2023-07-06,23.181478297142856,8.401129999999998,29.70081,3.564274204992802,23.460777,17.161818,29.148573,1.5967927
2023-07-07,23.556254722536803,11.102579999999998,30.20211,3.3996204025991967,23.727638,17.51596,29.11539,1.5138783
2023-07-08,23.459224439411095,13.79846,30.798099999999994,3.5782107229649704,23.709316,17.490383,29.294579,1.5949984
2023-07-09,24.224150079275194,11.39779,31.60018,4.132423331046193,24.410885,16.743656,30.148563,1.6981721
2023-07-10,25.831579818594104,15.402619999999997,34.60241,4.00057370477039,25.828592,17.885925,31.226265,1.6421609
2023-07-11,26.549478299319727,15.402619999999997,34.10111,4.307867202016172,26.225817,17.967026,32.50341,1.8030521
2023-07-12,25.292708206583427,11.102579999999998,36.50178,4.563714893758276,24.978445,18.229458,32.333885,1.8121241
2023-07-13,25.02710582292849,11.19727,38.40115,4.367065985434383,24.71485,16.570639,30.559414,1.7796848
2023-07-14,25.741358192090395,13.597939999999998,36.80255999999999,3.666903216275929,25.318491,18.440212,31.511932,1.6569114
2023-07-15,23.59018013559322,9.59868,31.900959999999998,4.381775743356218,23.630518,15.64239,30.648067,1.8449293
2023-07-16,22.85595972881356,7.7995699999999974,30.99862,4.542394801492929,23.30796,14.678112,28.888044,1.8346515
2023-07-17,25.137713518099545,11.798829999999999,34.897619999999996,4.631277190053155,25.391638,18.533684,31.589602,1.7345579
2023-07-18,26.73309511864407,14.1995,34.997879999999995,4.39995538199569,26.643522,18.843164,32.404087,1.6193353
2023-07-19,26.215779457013575,10.400759999999998,35.6997,4.8745316432868835,25.981655,19.276543,32.137585,1.751761
2023-07-20,24.574258958097392,10.50102,37.198029999999996,4.420940495216609,24.707958,18.545626,30.835985,1.7058082
2023-07-21,23.069633740112995,9.002689999999998,33.29903,4.270485552773685,23.299793,16.624771,29.079683,1.7673317
2023-07-22,23.105217191392974,10.400759999999998,30.59758,3.8771027604482047,23.600792,16.591436,29.2427,1.679676
2023-07-23,24.305202095130237,13.202469999999998,30.99862,4.0117189768514665,24.655945,18.470518,30.449068,1.6518189
2023-07-24,23.53114455782313,8.60165,33.80033,4.966047267710685,23.733566,16.72155,30.199625,1.8815254
2023-07-25,21.876839796149486,4.201349999999998,32.79773,4.536255177242402,22.30148,14.35879,29.777622,1.9853047
2023-07-26,22.771432849035186,6.997489999999999,29.70081,3.6053931632803966,23.322098,17.330954,29.33515,1.6848917
2023-07-27,23.53248602491506,11.102579999999998,30.10185,3.110538579108584,23.888947,17.768389,29.415108,1.5328381
2023-07-28,23.43164898190045,11.00232,30.20211,3.1435370929799715,24.042294,18.40678,29.52526,1.5753195
2023-07-29,24.606685848416287,12.40039,31.60018,3.559199053568394,24.915403,18.858776,30.12454,1.6044937
2023-07-30,24.79749179661017,11.89909,32.89799,4.038466505399537,24.896204,17.039898,30.50614,1.6778742
2023-07-31,24.90419663276836,12.90169,32.89799,3.765598383967233,24.98995,19.158745,31.39891,1.6226261
2023-08-01,24.884051685520358,11.39779,35.90022,3.621977165348881,24.981642,18.670824,30.900633,1.6390333
2023-08-02,25.004424174208143,13.202469999999998,35.59944,3.78730308903056,25.10498,18.395905,30.77831,1.6697949
2023-08-03,22.6352933220339,5.398899999999999,35.1984,4.9692974538438,22.77157,15.550025,29.830404,1.9879049
2023-08-04,20.83543272933182,1.0988599999999995,30.30237,4.621078901599774,21.355358,10.507832,28.706617,2.0492415
2023-08-05,22.131236580135436,4.79734,32.001219999999996,4.0562035966171734,22.812023,16.46017,29.690313,1.6817108
2023-08-06,23.37604356659142,5.198379999999999,34.40189,4.817310552530127,23.793756,15.685962,30.950413,1.9323319
2023-08-07,23.514673593220337,7.7995699999999974,34.00084999999999,4.662930922379485,23.947212,15.7757635,29.55782,1.8695269
2023-08-08,25.328284303510756,11.999349999999998,34.60241,4.047189447080549,25.654133,18.807674,31.134916,1.5685657
2023-08-09,26.768059420454545,16.600169999999995,34.70267,3.3340681621771364,26.61584,18.465288,31.860651,1.4826338
2023-08-10,27.01472790723982,15.202100000000002,35.79996,3.936647553394443,26.488848,20.912754,33.821674,1.6162153
2023-08-11,27.030460214446947,15.001579999999999,39.598699999999994,3.705422634702178,26.477026,19.937967,31.864422,1.6192033
2023-08-12,26.36143154627539,13.497679999999997,40.400780000000005,4.154610583326826,25.888132,19.01282,32.346184,1.6516507
2023-08-13,25.703486297968393,13.597939999999998,39.19766,3.8852917243099045,25.479284,18.483057,31.33167,1.6755961
2023-08-14,25.112640508474573,13.79846,35.1984,3.3742466991807873,25.010986,18.18595,30.995241,1.6220013
2023-08-15,24.814191162528214,12.600909999999997,34.40189,3.5484881294601274,24.872137,17.827839,30.696062,1.6720022
2023-08-16,24.788390983050846,11.999349999999998,31.700439999999997,3.2991125409236473,24.881672,17.674553,30.429626,1.607359
2023-08-17,25.03379342015855,14.801059999999996,30.798099999999994,2.887178901412861,25.07382,17.522842,30.447535,1.5590726
2023-08-18,25.695721662895924,15.99861,32.602779999999996,2.7205694380674457,25.330023,19.492067,30.742867,1.5445235
2023-08-19,26.201451199095022,16.80069,34.40189,3.0717131630244285,25.885574,19.950178,30.793037,1.5313833
2023-08-20,27.19354128959276,16.399649999999998,35.1984,3.3388993642506457,26.72593,19.582226,31.605148,1.5193605
2023-08-21,28.058957986425337,16.399649999999998,34.20137,3.0867533456722125,27.19327,21.820728,31.73954,1.4146929
2023-08-22,28.45284581632653,15.798089999999997,35.6997,3.0174147750082336,27.307236,22.00866,32.30475,1.4838822
2023-08-23,29.010697081447958,15.798089999999997,35.1984,2.65116171670653,27.573103,21.685717,32.357563,1.4466729
2023-08-24,28.129918607021516,16.399649999999998,35.09814,3.1032347821894595,27.074108,21.418037,31.430521,1.4869483
2023-08-25,26.18320343537415,11.19727,35.1984,4.528504542210433,25.809452,19.884224,32.098095,1.6869957
2023-08-26,23.652732031782065,6.000459999999998,33.80033,5.274085695136222,23.467655,16.755499,32.014088,2.0294616
2023-08-27,19.644073727272726,2.2017199999999986,30.402629999999995,4.7895436365142485,19.869411,13.580322,27.01664,2.0061293
2023-08-28,20.393010113895215,1.8006799999999996,29.60055,3.9468063454732247,20.74267,9.624181,27.422567,1.8562832
2023-08-29,20.90794224744608,2.001199999999999,28.998989999999996,4.094192914880027,21.29806,11.167567,28.638659,1.8936332
2023-08-30,20.61897231030577,4.401869999999997,29.60055,3.9459166675753936,21.097633,11.161634,27.1343,1.7433856
2023-08-31,21.575295260180994,8.20061,28.69821,3.2856896540624394,22.215853,14.192732,27.63235,1.6309725
2023-09-01,22.50431959276018,10.200239999999999,28.202479999999998,3.080436858265283,22.859385,17.0173,27.619083,1.54851
2023-09-02,19.69803943181818,7.599049999999997,27.50066,3.695176299156437,20.175562,9.616419,25.897575,1.7817508
2023-09-03,19.905879258836944,5.69968,28.597949999999997,3.2478665893462737,20.70413,12.81093,25.851309,1.7037418
2023-09-04,22.256590741163052,9.398159999999997,30.402629999999995,3.5093501558339635,22.331787,15.706987,27.669222,1.6558512
2023-09-05,22.36599447098976,11.39779,28.39743,3.045354779963063,22.589357,15.525991,27.041958,1.4984024
2023-09-06,22.738688482446204,11.59831,29.500289999999996,2.5064328610446918,22.820267,16.299614,27.34829,1.4498448
2023-09-07,23.175741087202717,12.199869999999997,28.69821,2.4060929170371366,23.138918,16.771215,27.653639,1.3652883
2023-09-08,22.968771900452488,12.600909999999997,27.600919999999995,2.3406236750155895,23.045183,17.169617,27.777824,1.3298072
2023-09-09,22.38910071509648,11.798829999999999,28.79847,2.7350155941360836,22.57237,15.397491,27.626825,1.4889044
2023-09-10,22.21833971526196,12.199869999999997,27.901699999999998,2.6371797144761504,22.435083,15.321308,28.538494,1.4098271
2023-09-11,21.64927678043231,8.802169999999998,27.199879999999997,2.91915655424223,21.94096,13.835848,26.713753,1.5549742
2023-09-12,21.06992745743473,8.100349999999999,28.39743,3.4090899326571007,21.455284,15.836194,26.234327,1.5016345
2023-09-13,21.1119961608154,7.198009999999998,27.80144,3.5991737489884494,21.530346,15.171919,26.433962,1.5402662
2023-09-14,21.920697295454545,8.00009,28.79847,3.4491057414847517,22.047974,16.538343,26.781813,1.4401054
2023-09-15,21.00334667423382,8.00009,28.00196,3.142502470496888,21.304644,15.576774,25.97543,1.4642171
2023-09-16,20.237979263873157,8.00009,27.701179999999997,3.379829588526224,20.624235,14.0058565,25.864502,1.6100658
2023-09-17,20.17567425170068,7.29827,29.901329999999994,4.169889964140694,20.479643,12.25424,27.49736,1.700432
2023-09-18,19.352439920454543,6.4014999999999995,28.30274,3.83891647350194,19.745321,12.531359,26.671741,1.7690278
2023-09-19,19.26580294450736,7.29827,26.197279999999996,3.141123476314507,19.78253,13.5772085,25.76957,1.4848231
2023-09-20,19.34039576923077,0.0015699999999999159,25.60129,3.221602540467761,19.789316,12.727881,26.842907,1.6218712
2023-09-21,18.196268323895808,4.60239,26.79884,4.109540074350768,18.620213,11.909922,24.478455,1.8018374
2023-09-22,16.891821738148984,0.89834,26.397799999999997,4.242972444186506,17.43606,11.142286,25.216316,1.9290597
2023-09-23,17.353098513513512,2.30198,27.600919999999995,3.756501523606955,18.074745,12.38203,27.047483,1.7816539
2023-09-24,19.230018245219345,9.398159999999997,25.90207,2.9907177153592,19.81772,12.480068,26.18085,1.5645636
2023-09-25,20.27655169853768,10.801799999999997,26.002329999999997,2.6861299412647868,20.725845,16.246195,26.18583,1.4429489
2023-09-26,20.60515681306306,10.601279999999997,26.99936,2.61026281601567,20.942364,15.388492,25.95472,1.4251679
2023-09-27,21.04846106981982,11.00232,26.397799999999997,2.586204567527256,21.262117,16.401619,25.88181,1.4035835
2023-09-28,21.301388463276833,11.798829999999999,27.50066,2.565030265227428,21.460953,15.738988,26.23448,1.3261199
2023-09-29,22.133908547297295,13.001949999999995,28.79847,2.587667783040387,22.11914,16.585705,26.272896,1.3158526
2023-09-30,23.10668983089064,13.202469999999998,29.80107,2.3921959013304686,22.805252,17.710587,28.915298,1.2952528
2023-10-01,23.36163507328072,13.79846,30.10185,2.312355724457252,22.88366,17.908997,26.946045,1.3069551
2023-10-02,22.947191286681715,12.600909999999997,30.59758,2.676930900723366,22.467068,18.020514,27.232738,1.3408391
2023-10-03,21.862518656884877,9.49842,33.29903,3.7057607272974944,21.561895,15.993341,26.746971,1.4606303
2023-10-04,22.257265688487582,9.799199999999999,34.00084999999999,3.588211075711971,21.68477,15.743892,29.151714,1.515485
2023-10-05,22.22873402951192,11.39779,32.201739999999994,3.242172055522168,21.861176,15.532303,28.24384,1.4671303
2023-10-06,22.763296327683612,10.70154,32.001219999999996,3.238953840987852,22.146479,16.538448,26.596836,1.2983156
2023-10-07,22.95056858597285,10.200239999999999,32.99825,3.225909921323653,22.218956,16.02758,27.956787,1.4178394
2023-10-08,22.47356487556561,8.802169999999998,33.198769999999996,3.271023272342566,21.764635,16.573153,28.158825,1.3809623
2023-10-09,21.743705848416287,10.200239999999999,33.59981,3.495481685872889,21.184698,15.565433,27.667702,1.476749
2023-10-10,21.08068429378531,9.799199999999999,33.59981,3.5790593961995514,20.625883,14.006288,27.05324,1.443811
2023-10-11,20.84662232505643,8.401129999999998,32.001219999999996,3.35105057851334,20.44402,14.208518,25.502724,1.4295892
2023-10-12,21.058014079096044,9.49842,29.400029999999994,3.1000745800830525,20.6108,13.174398,30.560759,1.5142666
2023-10-13,20.56140294915254,9.698939999999999,31.399659999999997,3.551664979136499,19.931221,12.997517,26.077322,1.5491518
2023-10-14,19.555354631936577,5.398899999999999,31.800699999999996,4.363796840557132,19.11235,10.67591,26.707644,1.7431136
2023-10-15,18.29476207248018,5.49916,29.80107,4.318610352351394,18.184696,9.2979965,24.773403,1.7310684
2023-10-16,18.861414171364146,3.599789999999999,28.39743,3.970280040175617,18.574886,12.495984,24.900024,1.5928938
2023-10-17,20.055345123873874,3.599789999999999,27.199879999999997,3.277307636910269,19.53783,14.484288,26.36629,1.4338968
2023-10-18,19.259553655793024,3.3992699999999996,26.59832,3.5980663287418255,18.802494,12.285215,25.243832,1.5012231
2023-10-19,16.759511109852774,2.2017199999999986,26.002329999999997,4.199337363058651,16.909931,11.162587,26.486652,1.8679224
2023-10-20,14.689767236693092,-4.799770000000001,27.400399999999998,4.664789369621877,14.913904,7.547602,24.878077,2.0634394
2023-10-21,13.439440180586907,-4.298470000000001,24.999729999999996,4.352733123446929,13.778347,7.139889,25.588924,2.1216137
2023-10-22,13.672030440677965,0.0015699999999999159,25.20025,4.047167807509672,14.15887,7.481523,24.655584,1.9973596
2023-10-23,14.867893670454544,-1.9980600000000008,25.20025,4.663785638128087,15.350261,8.794852,25.467598,2.0384736
2023-10-24,13.89591282138794,-2.8001400000000007,24.19765,4.462921034874044,14.358278,6.9654174,25.70027,2.1596406
2023-10-25,16.274299739229022,2.797709999999998,26.197279999999996,3.6324102208274747,16.386208,8.656459,24.87728,1.7933158
2023-10-26,16.46895572077185,2.797709999999998,25.60129,4.0839211173247305,16.587744,8.237014,25.09584,1.7696528
2023-10-27,14.603909818388194,-0.4997300000000005,25.300509999999996,4.451175574392396,14.675475,5.0555663,25.334654,2.0653844
2023-10-28,15.428632278911564,0.0015699999999999159,24.899469999999997,3.814158127517551,15.54354,6.8566136,25.095482,1.8559171
2023-10-29,15.37884961451247,0.20208999999999946,24.19765,3.567789987670388,15.518897,6.957669,24.73132,1.923776
2023-10-30,13.988163174061432,-2.8001400000000007,24.598689999999998,4.591941566404698,14.311895,7.798508,25.547192,2.0705702
2023-10-31,13.171986909090908,-0.39947000000000227,26.397799999999997,4.518192837385897,13.245291,3.6459699,24.642782,2.1830769
2023-11-01,14.595589591373438,0.0015699999999999159,26.197279999999996,4.315218431982859,14.67661,8.958587,25.029043,1.9582714
2023-11-02,13.952116045454543,-1.7975400000000012,25.09999,4.934638791495348,14.277397,8.289496,25.108849,2.1351638
2023-11-03,12.076198297389327,-5.40133,25.400769999999998,5.041549686646032,12.175098,1.7226613,25.297987,2.363468
2023-11-04,14.12637006802721,-1.9980600000000008,24.49843,4.200680937342162,14.309508,6.0254583,24.904318,2.0460773
2023-11-05,13.002467259343147,-2.499360000000001,24.19765,4.536944705678962,13.032984,5.6942277,25.288116,2.2018101
2023-11-06,11.002756242905788,-3.401700000000001,24.19765,4.758120954199236,11.326331,4.241365,25.488886,2.3761075
2023-11-07,9.88895711211778,-5.000290000000001,23.40114,4.928557434201772,10.383523,0.07153954,25.257696,2.4159052
2023-11-08,10.880234178935448,-3.2011800000000012,23.601659999999995,4.306863918814798,11.399143,5.517764,24.160429,2.3046157
2023-11-09,12.81123117913832,-1.9980600000000008,23.80218,3.991220067883759,13.102072,3.555082,24.784752,2.0590556
2023-11-10,13.283872834467118,-1.9980600000000008,24.799209999999995,4.158443598320375,13.31688,3.7664237,25.155813,2.132378
2023-11-11,15.64547452894438,0.9985999999999983,24.799209999999995,3.541087896486249,15.601647,8.331293,24.268913,1.7193089
2023-11-12,16.605486818181816,3.499529999999998,24.999729999999996,3.3007592136286745,16.274046,8.217883,24.44723,1.6156962
2023-11-13,16.926163913538108,6.6020199999999996,26.297539999999998,3.414087100384656,16.546413,10.08239,24.550743,1.6433532
2023-11-14,16.854478663646656,6.802539999999999,27.901699999999998,3.7884053291129023,16.496805,10.557379,26.026503,1.6772732
2023-11-15,16.17101566101695,3.599789999999999,29.19951,4.1176166817559166,15.871003,8.315991,24.170542,1.7838376
2023-11-16,15.856030587570618,2.797709999999998,27.80144,3.7162703243598916,15.688718,9.943752,24.626223,1.7027066
2023-11-17,14.793830985277461,2.2017199999999986,26.297539999999998,4.04912858717069,14.669668,6.576837,23.913214,1.7299557
2023-11-18,14.878270419026046,7.398529999999998,25.501029999999997,3.4750067653284327,14.93435,8.3756485,23.837177,1.753932
2023-11-19,14.80953498866213,5.900199999999999,24.598689999999998,3.3978982784344502,14.95119,7.424341,23.822887,1.7263736
2023-11-20,13.44139268707483,1.7004199999999983,26.397799999999997,4.322546064092675,13.655569,5.052316,23.68189,1.967494
2023-11-21,11.771042866817155,-5.200810000000001,30.001589999999997,5.431817065813723,11.707129,4.930367,24.504604,2.2736802
2023-11-22,11.043717799097065,-6.598880000000001,25.400769999999998,5.04593605499507,10.782104,4.8829775,24.064392,2.2445414
2023-11-23,10.456654229471315,-3.401700000000001,24.19765,4.4964574216133855,10.332313,4.151807,22.885046,2.3076022
2023-11-24,10.9085771509009,0.402609999999999,23.000099999999996,3.9307417152956488,10.936492,3.759787,23.411812,2.0427086
2023-11-25,10.883430608108107,-3.5019600000000004,23.200619999999997,3.974929159779316,11.060312,3.7213135,24.535852,2.224435
2023-11-26,10.110259695603157,1.1991199999999977,22.79958,3.9484073903961576,10.497601,2.9407132,23.466713,2.1567678
2023-11-27,10.720091997742662,-0.5999900000000018,21.89724,4.0044692907928505,11.097472,2.8324323,23.73605,2.127763
2023-11-28,12.230866892655367,-4.298470000000001,21.602030000000003,3.684445032632242,12.395674,5.87012,23.219255,1.9798548
2023-11-29,13.405611176470586,-1.301810000000002,21.802549999999997,3.4999897877727992,13.407099,6.5950475,22.591448,1.7501853
2023-11-30,13.504389175141242,0.7980799999999988,22.79958,4.173116159632197,13.488598,6.735678,22.490358,1.8023081
2023-12-01,10.412126832579183,-4.69951,22.89984,5.041125376912256,10.709084,4.2775197,23.475836,2.2747445
2023-12-02,8.356765107344632,-8.899289999999999,22.599059999999998,4.9768963878769,8.8519745,2.332294,22.830845,2.3624134
2023-12-03,7.592149003397507,-7.200440000000001,22.29828,4.893527734476119,8.241034,2.2401347,22.550173,2.4737122
2023-12-04,9.13270502831257,-5.000290000000001,21.89724,4.141401843916212,9.587899,1.3738111,22.100502,2.1447644
2023-12-05,8.111055728813557,-6.99992,22.79958,4.980682823880004,8.655668,0.15210047,21.712051,2.3742077
2023-12-06,8.506576512415348,-3.6022200000000004,22.29828,5.038949230727605,9.000074,0.06379569,21.782047,2.3077972
2023-12-07,9.950943163841806,-1.301810000000002,22.599059999999998,4.765158405607338,10.312992,3.545172,21.565477,2.0968406
2023-12-08,10.685289446327683,-3.99769,22.39854,4.596208114931828,10.777817,4.00468,23.022467,2.2004533
2023-12-09,12.035341252821668,-1.301810000000002,24.002699999999997,4.3911770868494395,11.968548,4.4627047,21.93922,1.8873644
2023-12-10,13.834413532731375,2.9982299999999977,24.002699999999997,3.654295956110271,13.654367,6.259336,21.38417,1.743476
2023-12-11,14.035893050847456,4.401869999999997,24.19765,3.786269056486953,13.6677065,7.3924613,23.692831,1.7021477
2023-12-12,13.483720539932508,1.4998999999999987,23.40114,4.084320560794561,13.332863,6.6034203,24.353386,1.7820853
2023-12-13,10.663576382022471,-5.702110000000001,24.19765,4.774433714044016,10.455452,3.801667,22.837774,2.2388794
2023-12-14,9.161309831460672,-7.802,22.498800000000003,4.631654337020985,9.24929,1.8098887,22.520374,2.3077872
2023-12-15,9.737299316143496,-5.200810000000001,21.602030000000003,3.9703791412267595,9.844879,2.409676,21.587719,2.105381
2023-12-16,8.782737443946187,-1.2015500000000006,22.39854,4.372409767409862,8.992415,3.085338,21.724236,2.0697982
2023-12-17,7.993124370786516,-2.8001400000000007,21.802549999999997,4.443988932809447,8.397828,0.16775087,21.218195,2.3523812
2023-12-18,7.543562786516853,-3.5019600000000004,21.100730000000002,4.459194989429089,8.047157,1.0882581,21.062574,2.325051
2023-12-19,7.517642789651292,-4.5992500000000005,21.200989999999997,4.566727897309611,7.9275017,0.75146616,22.557428,2.2611325
2023-12-20,8.380823622047243,-4.799770000000001,21.40151,4.4691477781666915,8.620116,1.6026789,22.135685,2.2753038
2023-12-21,9.294001,-3.0006600000000003,20.59943,4.102629450089783,9.517733,1.2940221,21.29011,2.0430794
2023-12-22,10.207261955056177,-3.6022200000000004,20.799949999999995,3.990931956166556,10.308596,3.9932995,21.761024,1.9443856
2023-12-23,8.902530022446687,-0.8005100000000014,19.99787,3.9796716139448227,9.290393,2.378553,22.286716,2.0585413
2023-12-24,8.28030867117117,-1.7975400000000012,20.298649999999995,4.2429226248099114,8.81915,-0.0835018,20.979458,2.0636704
2023-12-25,7.964508413948256,-2.3991000000000016,20.799949999999995,4.635206542851471,8.46576,1.4371232,20.839575,2.1896093
2023-12-26,7.490434999999999,-3.5019600000000004,21.100730000000002,4.895182785159646,8.040108,1.4374468,21.5427,2.4038522
2023-12-27,7.8632172860360345,-4.5992500000000005,21.100730000000002,4.956453732143143,8.258021,1.870558,22.036171,2.3819942
2023-12-28,8.521955191011234,-1.7975400000000012,23.000099999999996,4.90925831949219,8.695791,2.6171117,21.707464,2.3182888
2023-12-29,9.570191640449435,-2.19858,23.80218,4.400334072547759,9.415858,3.1881015,20.044725,1.9774202
2023-12-30,9.894565910112357,-2.19858,22.097759999999997,4.244330103898977,9.9916525,2.2706819,21.851212,1.9697156
2023-12-31,9.38165049493813,-4.69951,22.39854,4.325477679412679,9.49851,4.186122,21.690462,2.0346696
2024-01-01,9.169551644144143,-4.799770000000001,21.00047,4.623875458688498,9.205804,1.3179808,21.550243,2.082878
2024-01-02,10.258508354002254,-0.0986900000000014,21.997500000000002,4.450095575340541,10.128271,3.0867043,21.68802,2.0050702
2024-01-03,11.92108211235955,0.402609999999999,21.802549999999997,3.98443277298593,11.726528,4.585522,20.220545,1.8311183
2024-01-04,10.478533934977579,-2.3991000000000016,21.301249999999996,4.426648601902602,10.546765,3.3519075,20.171236,1.9343126
2024-01-05,8.305316008968608,-7.802,21.802549999999997,4.886296109082568,8.473813,-0.35602888,19.224756,2.1710973
2024-01-06,7.279053187429852,-10.59814,20.799949999999995,4.969626274161026,7.5328956,1.3563962,18.365055,2.1370478
2024-01-07,6.775415977528088,-11.60074,20.799949999999995,5.12996806757218,6.998576,-0.531342,18.56374,2.3849187
2024-01-08,5.797725799549548,-11.801260000000001,21.200989999999997,5.515064467534538,6.161632,-1.1906881,19.859749,2.4319928
2024-01-09,6.668158267716534,-8.999550000000001,21.802549999999997,5.215235439958662,7.068019,-3.3388622,19.520355,2.358855
2024-01-10,7.377880855855854,-7.40096,22.39854,5.380382838925164,7.9697866,0.24336007,19.526373,2.2276177
2024-01-11,6.761109988738738,-7.10018,24.999729999999996,5.946118063738146,7.3352604,0.69704175,20.33657,2.440974
2024-01-12,6.827260786516852,-5.200810000000001,25.20025,6.069887527914507,7.237242,-2.7829492,20.834295,2.4679534
2024-01-13,8.784312128378376,-1.001030000000001,25.400769999999998,5.180403029788952,8.827902,1.853895,20.865906,2.2069612
2024-01-14,11.410439977502811,-2.19858,24.999729999999996,4.63187769391367,11.262946,2.0332236,23.249905,2.1171868
2024-01-15,12.827929887260428,-2.0983200000000006,24.999729999999996,4.107448861862721,12.528827,6.4869237,21.01235,1.7463927
2024-01-16,13.399189147025812,-1.9980600000000008,26.59832,4.388640889624819,12.995315,7.438979,22.863792,1.768757
2024-01-17,13.288077387387386,-3.0006600000000003,22.39854,3.902890872531816,12.702427,4.777847,22.28876,1.7365093
2024-01-18,12.492004309764308,-4.298470000000001,21.200989999999997,4.165942205303749,12.137969,4.876892,19.55945,1.7774003
2024-01-19,7.893253524130189,-6.39836,21.50177,5.559385814398473,8.245754,-0.1809631,19.865442,2.4080353
2024-01-20,6.550728542600896,-4.69951,21.200989999999997,5.028777963826457,7.0138283,-3.873239,18.626629,2.283518
2024-01-21,8.246162858744393,-2.499360000000001,20.298649999999995,4.472929290639232,8.574701,2.841084,19.401562,2.1245286
2024-01-22,9.844316374859707,1.1991199999999977,20.49917,3.9229721576113588,10.115749,2.7366674,19.766497,1.8772213
2024-01-23,12.487774465691787,2.001199999999999,23.10036,3.328848150503731,12.42913,5.5903435,20.96177,1.6142755
2024-01-24,13.321726895388075,4.401869999999997,23.000099999999996,3.098220345494756,13.193547,6.71336,21.218285,1.5686806
2024-01-25,13.59674822072072,3.8003099999999987,24.002699999999997,3.582228947945093,13.273906,7.6694603,21.474955,1.6401775
2024-01-26,13.26186662542182,4.401869999999997,24.49843,3.9303863703032857,12.840781,5.847131,21.602213,1.61824
2024-01-27,13.025372724215245,4.502129999999998,23.601659999999995,3.5739566133130185,12.680146,6.77129,20.783386,1.5896293
2024-01-28,12.510769876404492,2.6027599999999977,23.40114,3.6559951577255085,12.270394,6.261879,20.306479,1.6303855
2024-01-29,12.005389910011246,1.0988599999999995,22.699319999999997,3.847248273326059,11.751489,6.475671,21.2856,1.7592798
2024-01-30,11.305794354657687,2.402239999999998,23.200619999999997,3.9459067798431624,11.216836,4.832107,21.0523,1.7463423
2024-01-31,10.987447912457911,1.0988599999999995,23.200619999999997,3.9011347148589803,11.000615,4.653049,19.092978,1.5568656
2024-02-01,10.8858001010101,-1.001030000000001,23.40114,3.7414535166083502,10.869296,4.1328263,18.77067,1.595837
2024-02-02,11.105983195067262,0.3023499999999977,23.000099999999996,3.4971979227945353,11.15282,5.7044396,20.909061,1.8313135
2024-02-03,11.153478060538115,1.9009399999999979,21.997500000000002,3.33988259399011,11.208349,4.952949,21.182463,1.7418022
2024-02-04,11.482896599326597,3.7000499999999974,22.79958,3.300027391060819,11.538217,4.136905,21.21712,1.7511936
2024-02-05,11.109357876404493,0.402609999999999,21.997500000000002,3.4956112933742953,11.153542,4.679194,21.09766,1.7802584
2024-02-06,11.268904826038156,-3.8974300000000004,22.89984,3.7730933244171716,11.254529,5.708223,21.767614,1.8202823
2024-02-07,11.143024943946187,-3.8027400000000013,23.902440000000002,4.4929412231157135,11.123497,4.715043,20.96973,1.8159254
2024-02-08,12.118926835016834,-4.498990000000001,23.30088,4.184730886119829,11.594608,4.940171,20.487524,1.8276184
2024-02-09,11.829793937007873,-2.19858,24.19765,4.457824637041072,11.597497,6.3920503,20.482683,1.8042803
2024-02-10,9.504393714609286,-7.6014800000000005,23.601659999999995,5.1012448204118,9.383338,1.2695106,20.103785,1.9788231
2024-02-11,8.812435163841807,-6.99992,21.200989999999997,4.76689855204909,8.774403,1.459943,19.400549,1.9778364
2024-02-12,12.21069495475113,-4.198210000000001,21.89724,4.250881146147934,11.972901,5.581139,20.13619,1.6009396
2024-02-13,13.61809121758737,-1.7975400000000012,24.097389999999997,4.065779002444917,13.228728,8.347041,20.63013,1.5607417
2024-02-14,14.364770483689536,4.99786,24.398169999999997,3.473899464813711,14.032209,8.373361,20.88788,1.4775709
2024-02-15,13.95364760992108,-0.8005100000000014,22.599059999999998,3.0720120002703264,13.536696,7.9622545,21.50713,1.4457412
2024-02-16,11.490112593010146,-6.7994,21.50177,3.86581242252584,11.492991,5.6784773,20.507729,1.726426
2024-02-17,11.626122364864864,-3.3014400000000013,22.599059999999998,3.871110826697235,11.558228,6.0828557,20.881485,1.7030842
2024-02-18,12.197041191011234,1.3996400000000004,24.19765,3.5051372636777933,12.07699,6.023812,19.87131,1.5799618
2024-02-19,12.984232393258427,-3.1009200000000017,24.799209999999995,3.6307243474343283,12.7415085,6.163095,20.880592,1.5665818
2024-02-20,12.626573352080989,-1.9980600000000008,23.80218,3.478869109733685,12.446028,5.6808896,21.175333,1.6712729
2024-02-21,11.874632067415728,3.19875,21.602030000000003,3.455802283885463,11.712527,5.849438,20.277084,1.7147229
2024-02-22,12.389312725225224,-1.9980600000000008,21.602030000000003,4.2576700608931874,12.208072,5.85771,21.24094,1.6825665
2024-02-23,8.865470011248593,-8.197470000000001,21.802549999999997,5.104137504194128,8.750899,1.3511639,20.654123,2.060206
2024-02-24,8.279015095398426,-10.59814,21.40151,4.73133284962321,8.357224,0.60670185,20.423073,1.9267945
2024-02-25,10.325781158605173,-7.200440000000001,21.00047,4.199411497722368,10.453082,3.3478224,18.284376,1.7424425
2024-02-26,9.189918524774773,-7.40096,20.49917,4.56470706950137,9.357151,1.3013974,20.057411,1.9851657
2024-02-27,8.441050428893904,-10.202670000000001,21.00047,4.731346671523956,8.298719,-0.9001834,20.061796,2.0373983
2024-02-28,9.271403340832395,-10.79866,21.40151,4.333977716299835,9.3094425,2.5056598,20.183775,1.9737136
2024-02-29,9.720070834272828,-5.200810000000001,21.40151,4.234479945482682,9.905924,3.4919162,20.600855,1.7543492
2024-03-01,8.884120506756755,-6.39836,20.19839,4.470052217773117,9.097153,2.495212,21.084034,2.0246258
2024-03-02,8.209747303370785,-7.40096,20.59943,4.703809202863413,8.749329,1.783963,20.086254,2.0557904
2024-03-03,7.49007392333709,-10.59814,21.00047,4.9151984397505375,7.835163,2.3629572,19.868155,1.9904302
2024-03-04,9.626411223344554,-7.40096,21.100730000000002,4.250481974331794,9.870175,3.3917456,18.24267,1.7530252
2024-03-05,9.63974153932584,-7.40096,20.799949999999995,4.364857791497342,9.815761,2.605573,20.71635,2.0415068
2024-03-06,9.560377654320986,-4.69951,21.00047,3.851390896729926,9.877943,4.3418374,20.207403,1.6705797
2024-03-07,9.85719316085489,-5.200810000000001,21.997500000000002,3.991188743067023,10.044765,2.4375157,19.461388,1.8500657
2024-03-08,8.92322341216216,-7.10018,20.59943,4.3363971756372885,9.099698,1.9201186,20.635393,1.9640352
2024-03-09,8.318038410372038,-6.097580000000001,21.40151,4.672102116336369,8.765771,1.6229407,19.561625,1.9345005
2024-03-10,9.500734560810809,-6.899660000000001,21.50177,4.402084504149572,9.761688,3.3207746,20.305616,1.9624732
2024-03-11,10.123090779661014,-5.90263,20.59943,4.120057117571687,10.276103,3.901346,20.842663,1.8503025
2024-03-12,10.927858885135134,-4.3987300000000005,20.398909999999997,3.3424704057471306,11.207545,5.608333,20.637278,1.609647
2024-03-13,12.404300316027086,1.3996400000000004,21.602030000000003,2.969446149324403,12.534773,6.1153436,20.524725,1.4912286
2024-03-14,12.91412987598647,0.9985999999999983,22.198019999999996,3.0404721653650952,12.95155,7.6691365,21.193178,1.4159681
2024-03-15,14.105361361079863,2.8979699999999995,21.802549999999997,3.149433218415116,14.055504,9.351694,21.640207,1.4320265
2024-03-16,14.881433408323959,2.001199999999999,25.400769999999998,3.543709773943764,14.723844,9.392451,21.567871,1.383975
2024-03-17,16.283733783783784,5.49916,26.197279999999996,3.0615635044886784,15.811623,10.696933,22.693995,1.2876143
2024-03-18,16.136968297632468,4.401869999999997,23.200619999999997,2.8452320116322816,15.872924,9.01151,22.149565,1.3659271
2024-03-19,16.231289819004523,4.702649999999998,23.10036,2.9097713850825975,16.01171,9.679483,22.494066,1.3461759
2024-03-20,15.110936828442435,2.402239999999998,22.097759999999997,2.6349283344300147,14.899694,9.476595,20.660202,1.3403347
2024-03-21,15.81448566591422,2.1014600000000003,22.198019999999996,2.3992813161993864,15.6745,10.711448,20.827845,1.278487
2024-03-22,17.02879625704622,-1.2015500000000006,27.400399999999998,3.108573268624635,16.763428,9.899121,21.790714,1.323258
2024-03-23,15.310752635135135,-0.19894999999999963,27.199879999999997,3.797672631914644,14.981932,7.6532125,21.712011,1.5404404
2024-03-24,13.348658951521983,0.0015699999999999159,22.097759999999997,3.559000043766498,13.198028,6.4483075,20.054817,1.6515545
2024-03-25,11.119811794582391,-2.599620000000001,22.498800000000003,3.771388051071427,11.480827,3.892691,18.689453,1.7472421
2024-03-26,8.27126636466591,-7.6014800000000005,20.398909999999997,4.569032587852471,8.864388,-0.14344734,20.13091,2.208567
2024-03-27,10.010847355278091,-6.19784,19.99787,4.369199444979349,10.390832,2.2820146,20.37128,1.9656199
2024-03-28,12.248743276643989,-2.599620000000001,21.40151,4.602643081566033,12.247623,5.2424197,20.46771,1.8339813
2024-03-29,10.992874392735526,-6.2981,21.200989999999997,4.704064777327385,11.434943,3.5601418,21.24251,1.9910553
2024-03-30,9.869970647727271,-6.19784,21.802549999999997,4.290436364287452,10.258944,4.0026517,19.601116,2.0090184
2024-03-31,9.675995397727272,-5.30107,21.997500000000002,4.716150583195739,10.22459,2.2069216,21.38361,1.9571569
2024-04-01,10.392140959367945,-5.40133,21.802549999999997,4.253243180403953,10.700081,4.0868664,18.961575,1.8332368
2024-04-02,11.281883932584268,-4.097950000000002,21.200989999999997,3.9900359042636415,11.596534,6.183943,21.567513,1.8314743
2024-04-03,14.181320920314253,-0.5999900000000018,22.599059999999998,3.3005640917164336,14.117604,8.651665,19.980673,1.3758241
2024-04-04,15.162635426008967,2.797709999999998,22.79958,3.1567326928698907,15.145451,10.002315,22.379023,1.4278579
2024-04-05,17.401542797752807,5.298639999999998,25.801809999999996,2.871487691035197,16.750723,12.214284,23.215302,1.3392782
2024-04-06,17.534154601571267,5.49916,26.002329999999997,3.111803724950763,16.913944,12.483757,22.597656,1.338128
2024-04-07,16.864560168728907,4.401869999999997,26.49806,3.3687947823525755,16.379103,8.898653,22.564112,1.4666896
2024-04-08,14.273380730337077,-0.19894999999999963,24.398169999999997,4.729977604139548,14.400492,8.444276,19.877468,1.761509
2024-04-09,11.497231066217731,-6.19784,23.30088,4.429991010803863,11.465797,4.695581,20.246315,1.882527
2024-04-10,13.175820269360267,-5.000290000000001,25.90207,4.064150498289956,13.124997,6.8256183,20.972616,1.7148564
2024-04-11,16.372970011173184,0.20208999999999946,32.40226,4.490373333573315,15.9493885,9.545066,22.928432,1.7074114
2024-04-12,17.548961932960893,2.1014600000000003,30.798099999999994,3.7830193370747667,17.046583,12.240757,24.169779,1.4787074
2024-04-13,18.55418823463687,3.19875,29.29977,2.748944056436849,18.08834,12.708599,23.146475,1.2704427
2024-04-14,18.683306387024608,3.299009999999998,28.79847,2.673443637697065,18.184593,12.530765,22.741339,1.303446
2024-04-15,17.748331420581653,3.299009999999998,28.39743,3.97567804440625,17.302523,11.749867,23.798058,1.5961667
2024-04-16,16.357170961968677,-2.19858,26.397799999999997,5.083039269537292,16.039877,8.558154,22.749771,1.8037629
2024-04-17,14.849557628635345,-3.6022200000000004,25.801809999999996,4.910133500258156,14.688898,8.231739,22.190832,1.8731587
2024-04-18,13.99007549327354,-7.200440000000001,24.097389999999997,4.746170460289789,14.10699,6.749561,22.730793,1.9292414
2024-04-19,13.981240828667412,-2.599620000000001,24.002699999999997,3.8756559406236595,14.170881,8.154438,20.155672,1.6129544
2024-04-20,14.539238778026904,-0.8005100000000014,23.701919999999998,3.41306561217413,14.6177,10.18716,21.562393,1.5602542
2024-04-21,13.772335387205386,-2.599620000000001,23.40114,3.788502019552329,13.972002,7.4821587,20.851562,1.6500298
2024-04-22,12.075725190582958,-8.102780000000001,22.599059999999998,4.830352887547359,12.051338,5.907191,20.76204,1.9819963
2024-04-23,10.766606591928248,-10.00215,23.000099999999996,5.177349558569716,10.948399,1.302068,21.223932,2.250368
2024-04-24,11.800661661054992,-6.7994,24.002699999999997,4.666497156855515,11.971951,5.5848427,21.32564,2.001477
2024-04-25,12.556231223344556,-3.6022200000000004,23.30088,4.127638607821774,12.778054,6.9438972,21.356781,1.8022254
2024-04-26,12.467898900112234,-3.1009200000000017,22.198019999999996,3.8148151606504994,12.938817,6.4497585,22.417965,1.7935942
2024-04-27,12.204367633069081,-5.6018500000000016,22.39854,4.624373565746991,12.6137295,3.6109707,22.487303,1.8689764
2024-04-28,11.59535525959368,-5.100550000000001,22.79958,4.066213048077899,12.232351,5.6485314,20.0238,1.8306938
2024-04-29,11.738181679819615,-5.30107,21.89724,3.7506435400255276,12.330112,5.239935,19.825043,1.745082
2024-04-30,12.649530022497185,-5.6018500000000016,21.50177,3.7235535087916,13.114505,6.5242968,20.831932,1.7603495
2024-05-01,11.25102332581736,-6.899660000000001,22.097759999999997,4.589046258948198,11.717649,4.63911,22.172075,2.0075905
2024-05-02,11.092295954802259,-6.7994,23.000099999999996,4.363138597566343,11.547702,4.4257035,22.604502,2.0713828
2024-05-03,12.788608251986378,-2.3991000000000016,22.29828,3.7975801132416573,13.142839,3.87837,21.31282,1.8218247
2024-05-04,16.1489433559322,1.4998999999999987,24.19765,3.026599466601241,16.233065,8.950493,23.9061,1.5685066
2024-05-05,16.278449063205414,1.3996400000000004,24.49843,3.7655036595043607,16.43637,8.433195,23.923708,1.7240489
2024-05-06,15.507501645856978,-0.70025,24.69895,4.419086299160581,15.547809,6.4500403,23.06159,1.8050946
2024-05-07,15.154418282485874,-2.29884,23.80218,4.162528964801347,15.358738,9.463127,22.514078,1.6948844
2024-05-08,16.706307353603602,-0.8005100000000014,25.400769999999998,3.6233882162629456,16.683498,11.801408,23.188566,1.5380512
2024-05-09,17.550607702702703,4.000829999999999,24.999729999999996,2.9199903421462166,17.551851,11.664821,23.221874,1.4017899
2024-05-10,18.63400494926719,6.802539999999999,24.598689999999998,2.518449206401769,18.471045,12.12804,23.119308,1.3562962
2024-05-11,18.451811512415347,5.69968,24.69895,2.627780523224741,18.387575,13.663039,23.785076,1.4085871
2024-05-12,17.809262347629797,6.501759999999998,24.002699999999997,3.0701707260274005,18.021511,13.158223,23.369497,1.445966
2024-05-13,17.70946854237288,4.79734,23.902440000000002,3.3871578931619197,17.853724,12.558994,23.310654,1.4444125
2024-05-14,15.183466275395032,1.1991199999999977,24.49843,4.4309242996264855,15.366316,9.191599,23.756222,1.8401403
2024-05-15,13.569222437923248,-1.301810000000002,23.40114,4.276034214349296,13.786323,7.467131,24.047752,1.911137
2024-05-16,13.631989378531072,-1.6025899999999995,22.79958,4.155811198633598,13.970637,6.342367,23.948729,1.9767928
2024-05-17,14.95391924036281,0.20208999999999946,24.19765,3.9124969433698062,15.358128,8.476326,23.80913,1.794848
2024-05-18,14.918629943310656,1.60016,23.40114,3.9723435414631174,15.428213,8.812091,23.99482,1.8117762
2024-05-19,14.847542445714284,0.402609999999999,23.501399999999997,3.7727436149768643,15.400164,5.97742,22.858753,1.7415317
2024-05-20,14.903317866061293,-1.2015500000000006,23.200619999999997,3.970075212140964,15.346274,6.2076225,23.595894,1.8272641
2024-05-21,15.082864022727271,0.3023499999999977,23.000099999999996,3.799262877332325,15.562977,9.388997,24.014324,1.7543902
2024-05-22,15.431952389580971,1.299379999999999,24.19765,3.9391539603299695,15.855477,6.4769473,23.812443,1.7084861
2024-05-23,15.790323468926552,1.60016,24.49843,3.9875815943230837,16.256392,10.007816,23.419546,1.77121
2024-05-24,17.22336948139797,1.8006799999999996,24.29791,3.6383029687683974,17.66573,12.087256,23.413979,1.5491598
2024-05-25,18.36236460496614,4.702649999999998,25.501029999999997,3.092028928988965,18.802622,13.810467,23.962465,1.4483386
2024-05-26,18.683004622322432,4.79734,27.199879999999997,3.841970927809453,19.090149,13.583507,24.972267,1.5932672
2024-05-27,18.478594282485872,5.198379999999999,27.30014,4.314701334442029,18.796999,12.480672,25.307562,1.7353653
2024-05-28,19.229980453514738,6.997489999999999,26.59832,3.47895644342651,19.574503,12.619006,24.633434,1.4985304
2024-05-29,20.57141636158192,8.401129999999998,28.39743,3.545021840159461,20.922464,14.382737,25.33047,1.4591949
2024-05-30,20.62628041760722,3.19875,29.80107,4.595850965576354,20.98311,13.501427,27.019821,1.7061946
2024-05-31,19.005826655405404,0.0015699999999999159,29.80107,5.076076775475275,19.224901,12.383593,27.495728,1.9742165
2024-06-01,18.117762392776523,-0.39947000000000227,28.202479999999998,4.4806439291276705,18.376732,11.32401,24.482454,1.7365506
2024-06-02,18.33925476297968,1.1991199999999977,26.698579999999996,3.9797289658313604,18.634184,13.323425,26.56509,1.6853255
2024-06-03,19.214216264108348,4.79734,26.79884,3.5211205959747316,19.557676,14.444602,26.89851,1.5344825
2024-06-04,20.1083322259887,7.097749999999997,27.099619999999994,3.1774400941785084,20.404806,15.05811,25.464518,1.4918376
2024-06-05,21.24234834645669,9.398159999999997,28.597949999999997,3.163253692243119,21.595676,16.708714,26.59597,1.4427049
2024-06-06,22.517695298759865,9.59868,32.10148,3.675839924424011,22.56974,15.73763,27.229464,1.5176656
2024-06-07,22.70246771234428,9.197639999999998,29.400029999999994,3.445689510583195,22.401598,14.815862,26.985739,1.5367349
2024-06-08,20.42503790486976,3.299009999999998,28.202479999999998,3.4326290227854765,20.522854,11.009391,27.959736,1.5889721
2024-06-09,18.35978535673839,3.3992699999999996,27.199879999999997,3.945118611381641,18.743858,9.005343,24.641521,1.7488545
2024-06-10,17.88645389772727,3.0984899999999986,26.397799999999997,3.8584187544580986,18.250782,9.691365,23.22003,1.6623207
2024-06-11,17.271870507900676,2.2017199999999986,26.002329999999997,4.032806690477529,17.880344,10.371324,23.655535,1.6503394
2024-06-12,17.037320699774266,-0.70025,24.999729999999996,4.138062025309564,17.701283,11.843804,23.784748,1.7540193
2024-06-13,17.964763291855203,2.6027599999999977,24.999729999999996,3.619524475195428,18.854,11.157682,23.873716,1.5911326
2024-06-14,20.451516952595934,8.100349999999999,27.400399999999998,3.639434138336201,20.947908,14.474439,26.502914,1.6299846
2024-06-15,19.565381792559183,5.799939999999998,28.998989999999996,4.336164388176662,19.830488,13.054547,25.646088,1.8520966
2024-06-16,19.54000468397291,6.802539999999999,27.400399999999998,3.4180452148201437,20.07445,14.488588,25.636093,1.5724725
2024-06-17,20.774702273755654,10.601279999999997,27.099619999999994,3.13400562058767,21.28551,14.327625,26.124296,1.5179034
2024-06-18,20.08143888135593,6.6020199999999996,27.600919999999995,3.778661139091954,20.60281,13.758864,26.868908,1.8164865
2024-06-19,18.759981806818182,3.299009999999998,27.80144,4.090072723920295,19.343596,10.913103,25.762413,1.888675
2024-06-20,17.87456572241183,2.402239999999998,26.899099999999997,3.998718334389823,18.431808,9.23437,26.514795,1.8265536
2024-06-21,19.036452714932125,4.502129999999998,26.99936,3.5689575658317145,19.72587,13.515563,26.131105,1.618639
2024-06-22,20.29653680634201,4.897599999999999,28.39743,4.034267635302469,20.824244,12.928797,27.149094,1.6782084
2024-06-23,21.19870648924122,4.60239,31.09888,4.077602173988699,21.70024,15.206242,28.673351,1.7016084
2024-06-24,22.05612330699774,6.4014999999999995,30.798099999999994,3.7296383284430763,22.3714,17.275349,28.293764,1.5994202
2024-06-25,22.62577583710407,10.200239999999999,30.59758,3.323382799396489,23.047665,17.017023,28.628445,1.4490331
2024-06-26,22.491478348416287,10.400759999999998,27.80144,2.742828684398501,22.81798,15.222091,29.429237,1.481739
2024-06-27,22.295924433106574,10.400759999999998,29.19951,3.2071972511129387,22.759356,15.717043,28.426737,1.6274825
2024-06-28,21.280248568181815,4.10109,28.39743,3.296392009817529,21.672361,15.687844,28.440767,1.6857134
2024-06-29,19.50118623287671,5.900199999999999,28.69821,3.5937150152138773,20.201723,10.221145,26.885508,1.8326935
2024-06-30,20.50872674657534,7.699309999999999,29.29977,3.4245734700726644,21.147238,13.514095,27.734108,1.7180413
2024-07-01,20.452018270762228,4.60239,28.597949999999997,3.6594537257303754,21.173073,14.416418,26.16158,1.6575716
2024-07-02,21.283921819221966,4.79734,29.60055,3.8857068038569245,21.870092,14.659879,26.870861,1.7174975
2024-07-03,22.448200546697038,6.802539999999999,32.201739999999994,4.184458266362038,22.938534,15.234362,27.826769,1.694535
2024-07-04,23.351909817974967,10.902059999999999,33.39929,4.3524964390326595,23.832453,16.63279,30.004408,1.7517972
2024-07-05,24.129382608200455,13.001949999999995,33.59981,3.6289177027404587,24.289473,16.827906,30.505974,1.6278365
2024-07-06,21.058796038812787,6.997489999999999,28.998989999999996,4.357447590849796,21.76499,13.753622,27.5276,1.8360255
2024-07-07,20.338292684869167,7.7995699999999974,28.202479999999998,3.7850771587417555,21.211683,13.9427805,27.997889,1.8130313
2024-07-08,21.844600648464162,11.00232,27.50066,2.840657952876534,22.483715,16.9952,27.637323,1.5616946
2024-07-09,22.683669441913437,11.798829999999999,28.79847,3.3028259506478017,23.12478,15.263246,28.573141,1.7219344
2024-07-10,24.036972551020405,12.80143,31.399659999999997,3.2401404952922053,24.364899,17.563934,30.262068,1.5247104
2024-07-11,25.08905816534541,13.79846,32.602779999999996,3.6344255674802897,25.116968,18.19302,30.639389,1.6064843
2024-07-12,23.171148833522086,7.899829999999999,33.80033,4.853011170495193,23.349293,16.464241,30.317451,1.8818992
2024-07-13,22.47127207482993,8.401129999999998,31.399659999999997,3.9530814206437968,22.830397,13.344883,29.373827,1.7615525
2024-07-14,23.32594183881952,12.500649999999995,31.900959999999998,3.2653474669826905,23.508375,16.312668,31.097189,1.7623996
2024-07-15,23.378929545970486,11.798829999999999,32.89799,3.9018854440424366,23.56804,15.733265,30.224728,1.7613555
2024-07-16,22.96552431972789,9.59868,32.40226,4.120791199524171,23.274212,14.87925,28.972416,1.7569989
2024-07-17,23.810143458049886,12.600909999999997,31.199139999999996,3.157856542761474,24.18832,17.147184,28.844532,1.6128461
2024-07-18,25.073868403171005,15.798089999999997,30.898359999999997,3.080485109578442,25.19255,17.996557,30.266775,1.546866
2024-07-19,26.7089953959276,15.202100000000002,33.39929,3.4838319129336677,26.287565,20.681845,30.810932,1.5260975
2024-07-20,25.371640916289593,11.798829999999999,33.39929,4.1365206355893305,25.275396,16.85143,31.817888,1.8007327
2024-07-21,22.635706063348415,5.5994199999999985,34.00084999999999,4.8567220175215615,22.94103,14.538859,29.886604,1.9307717
2024-07-22,23.452504977375565,9.002689999999998,31.800699999999996,3.8482319930617654,23.954535,16.744434,29.615715,1.6974857
2024-07-23,25.823276262740656,13.79846,34.40189,3.4987909231236225,25.875746,18.839407,31.855482,1.5619026
2024-07-24,26.747899018058686,14.600539999999999,34.897619999999996,3.7727907796700317,26.457727,19.963333,32.67368,1.6389794
2024-07-25,26.14889967231638,14.801059999999996,34.79736,3.5966685732898642,25.894049,19.635857,32.02481,1.6902618
2024-07-26,25.51558752542373,13.202469999999998,32.99825,3.272723600247656,25.510002,19.254171,30.801458,1.5715503
2024-07-27,25.401015735294116,13.30273,33.09851,3.41392045003009,25.599527,19.662785,30.374435,1.546925
2024-07-28,26.216497131519276,15.001579999999999,32.89799,3.212060965674643,26.213017,20.631634,30.906435,1.4903302
2024-07-29,26.979455347776508,13.397419999999995,35.90022,3.5557662469241866,26.509409,19.810799,31.854834,1.5091952
2024-07-30,27.126873667425965,13.898719999999996,34.50214999999999,3.6004956435694155,26.599155,19.564735,31.267855,1.5544863
2024-07-31,26.668589149659862,13.998979999999998,33.80033,3.6491409897939535,26.475946,20.18506,31.392612,1.5953974
2024-08-01,26.188827446327682,14.801059999999996,35.90022,4.023176091537513,26.204546,19.021158,31.5071,1.5965372
2024-08-02,24.57638476783692,10.70154,36.40152,4.136832453527933,24.644905,15.971479,30.311369,1.7307518
2024-08-03,24.94464818799547,11.297529999999998,35.59944,3.8297741298016605,25.028975,17.694857,31.76431,1.6277001
2024-08-04,25.56236938844847,13.79846,33.198769999999996,3.488251312318169,25.631956,18.897686,30.737276,1.5481446
2024-08-05,25.918798967082857,15.001579999999999,33.59981,3.5650842692703697,25.874954,18.36784,31.200165,1.6765218
2024-08-06,25.594145732122584,14.801059999999996,32.602779999999996,3.5948947399331495,25.568228,18.224453,31.71981,1.6456153
2024-08-07,25.42158953461975,12.40039,32.602779999999996,3.7888707336457044,25.568172,17.272696,31.828287,1.6130525
2024-08-08,25.892177579185518,15.202100000000002,32.79773,3.432481977975705,25.92487,17.718817,31.640589,1.6373547
2024-08-09,26.574403615819204,15.402619999999997,32.99825,3.335304986318849,26.321215,19.529673,31.144411,1.5999264
2024-08-10,27.410557058823525,15.697829999999996,34.40189,3.133900057046819,26.847015,20.65752,32.029545,1.5218468
2024-08-11,27.34159995475113,15.001579999999999,34.00084999999999,2.978139509057849,26.726126,19.884413,32.110886,1.541934
2024-08-12,25.974150863636364,15.202100000000002,34.00084999999999,3.33467743425669,25.729136,17.935225,31.112288,1.6051991
2024-08-13,24.01709445330296,11.102579999999998,34.79736,3.8880337316777114,23.925344,16.136568,28.869781,1.7415454
2024-08-14,22.183149749430523,6.501759999999998,31.800699999999996,4.016701365883681,22.682531,14.898639,30.183796,1.7198517
2024-08-15,22.09806520547945,7.398529999999998,30.20211,3.91064412558932,22.674372,14.137172,29.076544,1.7992567
2024-08-16,23.519361185860888,9.197639999999998,31.199139999999996,3.4982345807421145,23.943476,17.282034,30.205326,1.6409569
2024-08-17,24.870543977272725,11.59831,32.602779999999996,3.4639874423889436,24.917917,18.20615,31.147978,1.5938784
2024-08-18,24.630711170454543,7.198009999999998,32.79773,4.320281730807749,24.701656,17.55345,30.768166,1.7091545
2024-08-19,24.27171834090909,8.60165,32.201739999999994,4.143279286652932,24.391691,16.940392,31.100422,1.696281
2024-08-20,24.229204874715258,11.798829999999999,32.602779999999996,3.9265870631324487,24.48621,17.02644,28.545628,1.5651978
2024-08-21,24.65413595210946,11.798829999999999,32.697469999999996,3.793038413220991,24.724398,18.542734,30.365896,1.6452241
2024-08-22,24.85838253697383,10.801799999999997,31.199139999999996,3.363574424523344,24.968328,17.375322,29.426237,1.5220197
2024-08-23,24.64113812142039,12.199869999999997,30.99862,3.195573698413965,24.876383,17.76467,29.701801,1.5080086
2024-08-24,24.569552654462242,11.39779,32.201739999999994,3.8862832956867166,24.662352,16.42266,30.112469,1.6278841
2024-08-25,22.979708568155786,7.899829999999999,32.10148,4.743504060408293,23.348524,16.026993,30.017883,1.8306344
2024-08-26,23.39406424971363,11.00232,31.09888,3.980816954308358,23.603636,15.395095,29.986317,1.6168191
2024-08-27,24.485329359999998,11.19727,31.199139999999996,3.2783617745072955,24.513231,17.624826,28.880796,1.4805189
2024-08-28,24.30062816,13.397419999999995,31.60018,3.3506853313309315,24.377106,16.749006,29.188791,1.4758068
2024-08-29,23.423791333333334,10.50102,29.500289999999996,3.2774815918467333,23.50777,15.275569,28.45153,1.4804598
2024-08-30,23.30828114547537,10.601279999999997,30.20211,3.4047111769247334,23.564054,16.367702,28.145647,1.471064
2024-08-31,23.478034105504584,11.19727,30.798099999999994,3.5267151875339895,23.547459,16.691544,29.066284,1.4911999
2024-09-01,23.129612015945327,9.59868,30.402629999999995,3.4069752442588768,23.28957,15.912321,27.523478,1.4763279
2024-09-02,22.622151103526736,9.698939999999999,28.998989999999996,3.901276679384328,22.866478,14.113228,28.074707,1.4808519
2024-09-03,20.945524931662867,6.802539999999999,29.19951,4.075039310018949,21.471743,11.64505,26.137537,1.7653444
2024-09-04,19.788896556442413,4.401869999999997,28.998989999999996,4.311592626145682,20.631287,13.479315,25.95503,1.6866373
2024-09-05,19.085316218678813,3.3992699999999996,27.600919999999995,4.825433306333677,19.788311,8.641017,26.251604,2.1027365
2024-09-06,19.27259903409091,4.000829999999999,28.597949999999997,5.000946734000837,19.872828,11.139238,25.340078,2.0932014
2024-09-07,19.830997863636362,6.20098,28.79847,4.336419538958279,20.391417,9.066828,26.434456,1.956654
2024-09-08,19.742791913439632,5.098119999999998,29.400029999999994,4.190581694969607,20.403412,10.677303,26.591232,1.7657562
2024-09-09,19.8066058428246,3.499529999999998,28.89873,3.869661694793341,20.473732,10.779713,25.808393,1.7446259
2024-09-10,20.126265478359908,6.802539999999999,27.600919999999995,3.56695610882818,20.70243,11.101374,26.237255,1.7461604
2024-09-11,19.5664735,6.4014999999999995,27.701179999999997,4.046891944781678,20.240263,9.403525,26.918648,1.8810626
2024-09-12,19.207284454545455,0.5975599999999992,27.80144,4.719960062596359,19.93579,9.247984,26.463373,1.9446781
2024-09-13,17.836684710556185,-2.8001400000000007,28.39743,5.133036349623141,18.356646,7.60991,26.295761,2.2135358
2024-09-14,18.348289181818178,0.7980799999999988,28.202479999999998,4.4268520440597685,18.896975,8.837135,25.490828,1.9390665
2024-09-15,19.226428168373147,5.69968,28.597949999999997,4.0687519015967695,19.744856,10.864177,25.810503,1.8901896
2024-09-16,19.57297848691695,4.201349999999998,28.79847,4.278874822970962,19.982275,10.217393,26.635042,1.9527822
2024-09-17,18.564420068104425,3.3992699999999996,25.801809999999996,3.8124625736331073,19.073881,10.9035425,25.763933,1.813955
2024-09-18,18.70886704880817,3.7000499999999974,26.10259,3.5798197032902586,19.348454,10.451631,25.042841,1.7150351
2024-09-19,18.761614506242903,4.79734,25.20025,3.1577232463803253,19.400938,11.031807,24.296665,1.5855069
2024-09-20,18.542516681766703,3.8003099999999987,26.397799999999997,3.454593485648953,19.169445,11.1892,24.7145,1.5513916
2024-09-21,18.533591519274374,4.60239,26.002329999999997,3.447646461072758,19.117168,12.135873,24.775774,1.6118276
2024-09-22,18.568626881355932,4.897599999999999,25.60129,3.6365325123761805,19.193377,10.179479,24.723188,1.6835734
2024-09-23,18.032512551020407,3.7000499999999974,26.99936,3.8612751650229966,18.490587,8.390177,25.276964,1.7479324
2024-09-24,17.760368235294116,4.10109,25.60129,3.561479860290406,18.224966,8.210651,24.599873,1.7422433
2024-09-25,19.287691853107344,5.799939999999998,27.099619999999994,3.2379233415254975,19.60957,12.267572,24.993227,1.6010658
2024-09-26,20.386514081172493,6.702279999999997,28.998989999999996,4.008775030283659,20.435598,12.7641325,25.39479,1.5669645
2024-09-27,16.924675936794582,0.9985999999999983,27.901699999999998,5.168674799198057,17.195255,6.3685417,25.87422,2.243582
2024-09-28,15.518609277652368,-1.4020700000000001,25.60129,4.67497189690574,16.099937,6.4805875,26.171354,2.1671991
2024-09-29,17.522422593010145,5.398899999999999,25.20025,3.445353472006475,18.1404,10.716603,24.516747,1.6759055
2024-09-30,19.300219650507326,9.002689999999998,25.60129,2.6751931005294796,19.77806,13.188469,24.099136,1.3910066
2024-10-01,19.834600552423897,8.00009,25.400769999999998,2.6773343168057355,20.086723,13.479282,25.103542,1.4424082
2024-10-02,19.160094221218962,4.401869999999997,27.80144,3.967178229404104,19.343428,11.5965805,25.67936,1.6439143
2024-10-03,18.433267081447962,-0.39947000000000227,28.998989999999996,4.861548702054673,18.639105,10.258445,26.041111,1.9209572
2024-10-04,17.834524701240134,0.402609999999999,28.102219999999996,4.589511192883978,18.202265,8.581804,24.165203,1.9006661
2024-10-05,18.365973032694473,6.997489999999999,27.600919999999995,3.968404444435994,18.731577,9.767851,23.968418,1.666977
2024-10-06,20.15388018018018,7.097749999999997,28.39743,3.3705265242521087,20.00307,12.057251,25.153425,1.4914205
2024-10-07,18.61870768707483,3.3992699999999996,27.400399999999998,3.939098357315078,18.695578,12.138428,24.659369,1.6642905
2024-10-08,17.165720328054295,1.3996400000000004,26.002329999999997,3.9307233782177975,17.363152,8.349322,25.128166,1.8368193
2024-10-09,18.131907383918456,3.599789999999999,26.197279999999996,3.5098503350648325,18.383196,10.188166,25.021805,1.6377941
2024-10-10,16.01353077185017,0.5975599999999992,25.90207,4.298315140263028,16.310726,5.751399,26.110538,1.9811256
2024-10-11,15.623675028376843,2.001199999999999,25.20025,4.141940893301168,16.125544,6.2836747,24.34593,1.8633472
2024-10-12,17.756055390713474,4.60239,25.400769999999998,3.374340702749991,17.883892,11.074847,24.18995,1.5083073
2024-10-13,18.5927097621744,4.79734,26.197279999999996,2.9400521898135197,18.908894,12.394509,23.998903,1.4665264
2024-10-14,19.14609574829932,3.3992699999999996,26.49806,3.046889680168353,19.167135,13.180703,24.08339,1.4179242
2024-10-15,18.560071959229898,1.8006799999999996,25.90207,3.0981027000490395,18.479496,12.519536,23.894323,1.4695369
2024-10-16,18.429172122587968,2.5024999999999995,26.59832,3.458219121163695,18.471704,12.5854845,25.595139,1.5337993
2024-10-17,15.054684455782311,-1.9980600000000008,24.999729999999996,4.473916150451406,15.492998,4.497732,25.523746,1.9827247
2024-10-18,14.255111787330316,-1.897800000000001,24.398169999999997,4.2228280871312185,14.801111,4.7887864,25.931553,1.9466321
2024-10-19,16.327164389140272,-0.8005100000000014,24.799209999999995,3.4248573729357203,16.613543,8.582903,24.481989,1.7638444
2024-10-20,17.764898585972848,5.69968,24.49843,2.9943223624063466,17.893587,10.840858,25.169239,1.5623151
2024-10-21,17.317130272727272,6.4014999999999995,24.398169999999997,3.1355940309233152,17.594402,10.041992,24.788836,1.5823385
2024-10-22,16.611322659090906,4.301609999999999,24.49843,3.582151506060059,16.861595,8.264161,25.15307,1.6914498
2024-10-23,16.664521814058954,4.401869999999997,24.19765,3.3549577846557734,17.031425,9.77807,25.11327,1.5680686
2024-10-24,16.920792335600904,3.599789999999999,24.002699999999997,3.320598877846098,17.14558,11.139919,24.374847,1.52737
2024-10-25,14.476225430839,-1.4020700000000001,24.19765,4.190121387848933,14.932396,6.217898,22.99756,1.9878294
2024-10-26,11.458700848416289,-4.097950000000002,23.80218,4.650673149319337,12.184978,1.4879669,24.86797,2.1904314
2024-10-27,11.291562593431482,-5.90263,23.200619999999997,4.435344787446515,12.138299,2.41697,22.615797,2.2741876
2024-10-28,13.478446783691957,-3.8027400000000013,23.902440000000002,3.6357137497689873,14.162596,4.979705,24.67885,1.9436896
2024-10-29,14.925287494305238,-3.0006600000000003,23.10036,3.677883391125074,15.384664,7.0665374,22.592695,1.8409996
2024-10-30,14.910333272727271,-3.2011800000000012,25.20025,3.6870923307173924,15.367551,7.362022,22.695545,1.8254199
2024-10-31,15.496450158910328,-0.9007699999999996,23.80218,3.2605741793438505,15.818326,9.066415,23.635786,1.6451594
2024-11-01,15.883709761363635,-1.301810000000002,24.999729999999996,3.0277766461599263,16.161215,10.207493,23.058575,1.5662988
2024-11-02,15.318088920454544,1.9009399999999979,24.799209999999995,3.1223180992109305,15.721978,9.166684,23.80802,1.6150895
2024-11-03,15.540148363636362,2.1014600000000003,24.49843,3.254856724253888,15.711228,9.643721,21.9337,1.490263
2024-11-04,16.080596602272728,1.8006799999999996,24.002699999999997,3.470203985346318,16.09844,9.20564,23.408733,1.5750273
2024-11-05,16.520079863481225,2.6027599999999977,24.097389999999997,3.0789565933313603,16.543165,11.020964,22.648926,1.4449689
2024-11-06,16.21028896708286,3.299009999999998,24.19765,3.0014843773175133,16.388573,10.236514,22.55002,1.4966363
2024-11-07,15.862708365714283,2.2017199999999986,26.002329999999997,3.463568431411948,15.905056,9.844529,21.549692,1.5180644
2024-11-08,15.443645800227014,2.001199999999999,27.600919999999995,4.058237311942591,15.341902,8.841757,21.32625,1.566924
2024-11-09,15.198857667044164,1.7004199999999983,30.20211,4.795356512339798,15.137619,8.82924,23.151993,1.7085233
2024-11-10,14.755642106455264,-0.8005100000000014,28.597949999999997,4.888955361065726,14.607745,6.4033084,24.212059,1.8891712
2024-11-11,14.09131808172531,-1.4020700000000001,25.501029999999997,4.304076908174447,14.145406,7.563362,22.667187,1.7801883
2024-11-12,11.624593832199546,-5.40133,24.002699999999997,4.8295438469813465,11.799914,3.3506708,21.657757,2.0180748
2024-11-13,9.679549318955731,-3.99769,23.200619999999997,4.861092462911897,10.171406,3.3799,20.046146,2.1876514
2024-11-14,12.834111959229897,-2.599620000000001,22.599059999999998,3.5988136939914543,13.138651,7.173281,22.91498,1.8474705
2024-11-15,13.30714562853907,-1.1012900000000023,21.997500000000002,3.666997930659015,13.601111,7.340698,22.835997,1.740267
2024-11-16,13.727442499999999,-0.19894999999999963,22.599059999999998,3.6852475177456188,14.014877,8.218186,20.765522,1.6806399
2024-11-17,13.765449558823526,0.9985999999999983,23.601659999999995,3.516078616235719,14.115731,8.297104,21.582533,1.6134405
2024-11-18,13.668775732122587,-0.0986900000000014,24.398169999999997,3.6036635273203337,13.994432,6.693674,22.07358,1.7131324
2024-11-19,13.613037797956865,-2.19858,24.19765,3.963934923491419,13.864113,7.807535,22.295286,1.6932352
2024-11-20,13.78221205681818,-0.8005100000000014,26.99936,4.579496135781726,13.454204,7.104669,23.065638,1.798763
2024-11-21,13.455266180790959,-1.2015500000000006,29.19951,4.901336907276443,13.043659,6.569651,23.449533,1.865567
2024-11-22,11.794887474518685,-5.802370000000001,28.00196,5.854622474028253,11.573879,4.352591,23.61262,2.2248926
2024-11-23,12.955480646992052,-3.3014400000000013,26.899099999999997,4.779094105935851,12.983583,4.763777,22.09921,1.9668483
2024-11-24,14.841015130237823,0.7980799999999988,24.69895,3.733779740864671,14.352352,8.583203,21.38041,1.5964829
2024-11-25,13.515674897727271,-1.2015500000000006,23.200619999999997,4.104438059417816,13.564885,6.347118,22.445086,1.6674882
2024-11-26,11.298194602272726,-2.29884,23.30088,4.796225405234268,11.364521,3.8478413,20.730719,1.9086672
2024-11-27,11.600924489795917,-0.8005100000000014,25.501029999999997,4.744867108850792,11.784106,5.8566623,21.387255,1.876834
2024-11-28,12.331825952380951,1.3996400000000004,26.99936,4.8235105419715,12.375675,5.833562,21.417597,1.8330051
2024-11-29,13.774384242081446,1.60016,27.80144,4.562842440323984,13.641999,7.709926,21.56809,1.7337993
2024-11-30,14.14594716553288,2.797709999999998,28.00196,4.40288330640449,14.056913,7.7570662,19.214066,1.6391959
2024-12-01,13.50566514188422,1.299379999999999,27.199879999999997,4.101681839924769,13.319465,8.313154,19.583666,1.4909502
2024-12-02,12.920951337868479,-1.301810000000002,25.70155,3.8699227395787594,12.894794,7.7340956,17.25846,1.3315542
2024-12-03,11.55656345062429,-3.70248,24.19765,4.525596846978495,11.7359,5.21963,18.613392,1.583534
2024-12-04,11.033704199772984,-5.40133,24.398169999999997,4.512412050146851,11.072499,5.5182223,17.532797,1.563078
2024-12-05,11.704943852272725,-1.001030000000001,23.40114,4.02382626901114,11.570842,7.062291,17.063583,1.4893348
2024-12-06,13.438317360637086,1.7004199999999983,22.39854,3.4083617017038828,13.227668,6.5334315,21.218494,1.4231241
2024-12-07,11.760974277588167,-3.2011800000000012,23.000099999999996,4.635791039868491,11.68044,6.114434,18.053179,1.5889953
2024-12-08,8.70282987471526,-9.20007,22.599059999999998,5.342079982424738,8.378993,3.3501894,15.828906,1.777388
2024-12-09,7.020922194285713,-8.49825,21.997500000000002,5.198523198656831,7.308383,1.5380954,14.678743,1.8601062
2024-12-10,6.8205265906499415,-8.197470000000001,21.802549999999997,4.89499050025355,7.1813183,1.0528173,16.706297,1.8324236
2024-12-11,6.167496488027364,-8.999550000000001,20.398909999999997,4.853069465829218,6.6523805,0.38772768,15.07384,1.8643827
2024-12-12,7.256291064073225,-8.197470000000001,20.59943,4.701602056754416,7.8211536,0.56585115,13.783432,1.7801398
2024-12-13,7.900868798627002,-7.802,19.99787,4.479117901519918,8.641212,2.9468436,15.755246,1.6903701
2024-12-14,8.001921232876711,-7.200440000000001,23.000099999999996,5.23501938102047,8.379882,2.685407,18.229162,1.7736856
2024-12-15,7.95340085324232,-5.997320000000001,24.999729999999996,5.416349570215081,8.241755,3.1443741,18.617214,1.8306999
2024-12-16,9.256616097838451,-1.5023300000000013,28.30274,5.975434515621483,9.02631,3.620152,17.17226,1.7943176
2024-12-17,9.751832871736662,0.0015699999999999159,24.19765,5.025298798544203,9.40775,3.3859937,17.598963,1.7690634
2024-12-18,11.81257185941043,1.1991199999999977,21.802549999999997,4.004788207773493,11.467019,3.1343062,16.601791,1.6605223
2024-12-19,11.364856821793415,-3.401700000000001,20.900209999999998,4.310583813196818,11.22215,6.21353,18.315002,1.5274297
2024-12-20,8.213194541336351,-9.20007,21.40151,4.942772579686889,8.229557,0.96662074,14.652123,1.7256858
2024-12-21,7.854595039637597,-5.997320000000001,21.200989999999997,4.493890990941551,8.03877,2.666307,13.873211,1.7349576
2024-12-22,9.555686167800452,-4.69951,20.19839,3.8736027959922814,9.5719795,4.507591,15.304758,1.5661346
2024-12-23,8.884131284090909,-9.30033,21.50177,4.4552256987974355,8.547843,1.7147015,14.693669,1.5958604
2024-12-24,9.654424357224118,-5.40133,22.79958,4.011054727053728,9.563727,4.614871,15.978116,1.5163373
2024-12-25,10.622793253697381,0.3023499999999977,22.599059999999998,3.5836325779435465,10.715721,5.9823284,15.567276,1.4477992
2024-12-26,9.84744369441277,1.0988599999999995,20.59943,3.832015381497552,10.004153,4.7467403,15.24715,1.4896
2024-12-27,8.942017012542758,-1.6025899999999995,20.59943,4.046963468073917,9.298117,4.5054526,14.530825,1.4508346
2024-12-28,8.244815142207052,-2.0983200000000006,21.89724,4.53355919968037,8.639943,2.8907857,14.646865,1.5373478
2024-12-29,7.572957277904327,-4.3987300000000005,21.602030000000003,4.8808112072869205,7.978906,0.95862955,13.576026,1.6677446
2024-12-30,7.028868304696448,-5.6018500000000016,20.59943,5.043494995028368,7.6101704,2.460661,13.702468,1.7907547
2024-12-31,6.559983707093821,-7.40096,20.398909999999997,5.068350833455176,7.1211534,2.0081959,14.1972065,1.6961696
2025-01-01,6.8177761512027475,-6.598880000000001,19.6024,5.079579809668519,7.3132353,2.2682848,13.409875,1.729822
2025-01-02,7.367284282433983,-3.1009200000000017,20.19839,4.8313278402613635,7.620132,2.1997437,14.664371,1.629033
2025-01-03,8.542833604118991,-1.6972800000000015,20.59943,4.293794092065119,8.635305,2.5907974,13.401538,1.4821966
2025-01-04,10.129622863688429,0.402609999999999,20.59943,3.9068355998294813,10.056122,5.103673,15.653622,1.5769966
2025-01-05,10.493829404352805,-3.0006600000000003,20.398909999999997,3.927996686201849,10.141149,5.0639825,15.737013,1.476257
2025-01-06,9.420905761741121,-8.00252,21.802549999999997,4.49806570774203,9.56574,5.345326,15.514919,1.5487075
2025-01-07,8.406119392898052,-6.99992,21.40151,4.524174757538505,8.599747,3.0184822,15.775804,1.6127862
2025-01-08,10.822585298165137,-1.9980600000000008,20.398909999999997,3.7852432794633875,10.484116,3.2751114,14.66721,1.4483075
2025-01-09,12.169212770809576,-2.499360000000001,21.40151,3.5409533121904837,11.79698,8.0130205,16.359543,1.4042704
2025-01-10,12.02875604332953,-1.2015500000000006,21.802549999999997,3.570628745494524,11.747812,6.908264,17.622066,1.4012517
2025-01-11,12.663918246013665,-3.1009200000000017,22.498800000000003,3.7591860066281124,12.238361,7.77027,17.842976,1.3245292
2025-01-12,9.20793721274175,-10.698400000000001,20.799949999999995,4.9565479155248,8.758326,1.6688145,14.851837,1.802796
2025-01-13,6.521477038724372,-7.70174,20.900209999999998,5.176973250081124,6.402822,1.0822954,15.894987,1.942818
2025-01-14,5.999453602272726,-8.00252,20.59943,4.883305004515314,5.945984,-2.25136,14.383408,1.9592165
2025-01-15,6.4943459637188194,-5.40133,20.19839,4.301438281062672,6.437317,-0.77565265,15.855685,1.7654757
2025-01-16,6.863949249999999,-5.90263,20.19839,4.355392216443415,7.022321,1.8525156,12.875348,1.6633655
2025-01-17,7.08684472665148,-9.099810000000002,19.6024,4.3888013016417915,7.2515683,-0.07862807,12.8561125,1.7065301
2025-01-18,7.122704106939703,-5.802370000000001,21.200989999999997,4.614715037028216,7.336398,0.24867037,20.14286,1.6886834
2025-01-19,6.693045193181817,-6.598880000000001,20.398909999999997,4.7223591664613815,6.966867,0.20758729,15.482892,1.7340444
2025-01-20,8.325053030646991,-5.30107,19.99787,4.244563065599279,8.681521,2.7608352,14.777533,1.5038366
2025-01-21,10.78764080681818,-3.8027400000000013,20.900209999999998,4.246767728334391,10.595893,4.7441144,15.553697,1.5371203
2025-01-22,11.853148589306027,-5.6018500000000016,21.00047,3.764171398175975,11.594118,7.5060062,16.050665,1.3232244
2025-01-23,11.58727185142857,-3.8027400000000013,19.6024,3.5460869912529844,11.570599,6.788499,16.685282,1.28787
2025-01-24,11.781092277904326,-1.7975400000000012,20.398909999999997,3.335524556431544,11.646222,4.1717415,16.92957,1.3456837
2025-01-25,10.255914710556185,-5.100550000000001,20.398909999999997,3.882841530227596,10.331008,6.154642,18.7973,1.4627866
2025-01-26,10.604458325740318,-4.198210000000001,20.19839,3.9294047741566303,10.675803,4.665831,15.783801,1.4106892
2025-01-27,12.314793230944254,-3.99769,22.198019999999996,4.546058756441404,11.95159,7.0399475,16.452967,1.4687577
2025-01-28,9.170499715585892,-9.801630000000001,21.602030000000003,4.977370383152496,8.889339,3.8328166,19.470934,1.5467957
2025-01-29,8.476610478359907,-8.999550000000001,20.699689999999997,4.567940645400101,8.563046,4.1083484,16.135975,1.5159003
2025-01-30,8.118984412770809,-10.59814,20.699689999999997,4.707509464416025,8.193898,2.9969304,15.295546,1.65712
2025-01-31,7.684071799544418,-8.598510000000001,20.09813,4.443070435438913,7.8028913,2.4318585,14.692687,1.624346
2025-02-01,7.915448969072163,-6.99992,21.00047,4.201334298128926,8.234798,1.2124535,13.753001,1.6441884
2025-02-02,7.56092232798165,-7.10018,20.799949999999995,4.59313064047982,7.942956,2.5833824,12.392587,1.4870346
2025-02-03,8.031683142201834,-6.99992,20.49917,4.0808896732186115,8.393981,2.4079962,13.539148,1.4757422
2025-02-04,8.265219450800915,-6.99992,20.19839,3.957467065035645,8.540389,3.6827204,14.204753,1.5274245
2025-02-05,8.630763298969072,-4.799770000000001,20.398909999999997,3.8898582566393767,8.919479,3.7343378,14.786835,1.5041173
2025-02-06,8.203590045924223,-4.799770000000001,20.298649999999995,3.9782288829177106,8.400246,3.409544,14.939942,1.494773
2025-02-07,7.444225693012599,-4.298470000000001,20.09813,4.317540029102352,7.9727445,2.6534538,14.638066,1.507886
2025-02-08,7.683742073310422,-8.00252,19.99787,4.810104183095178,8.030769,1.3414165,13.651211,1.6639236
2025-02-09,9.384605481651375,-5.000290000000001,19.20136,3.485980373678229,9.846918,4.54919,13.896315,1.4364684
2025-02-10,10.39003567164179,-1.6025899999999995,19.401879999999995,3.1600393285549098,10.640969,4.5916142,15.593318,1.351217
2025-02-11,10.708868610792193,-5.200810000000001,19.99787,3.4410971863972817,10.741432,7.391892,17.026924,1.2948595
2025-02-12,9.893508057142855,-6.19784,20.799949999999995,4.013914009084134,10.038863,5.753031,14.49972,1.3932534
2025-02-13,10.319611743119264,-3.0006600000000003,20.298649999999995,3.74438123273024,10.429569,5.718631,15.00687,1.2979864
2025-02-14,11.559663356164382,-1.6025899999999995,19.6024,2.968060337544125,11.6869335,6.5632453,16.364233,1.286961
2025-02-15,11.460912422857142,1.0988599999999995,21.00047,3.0834409838678902,11.46048,7.447347,16.347126,1.2910002
2025-02-16,11.6822423798627,-0.70025,20.19839,3.096614831620335,11.655814,7.2656317,16.846231,1.2631553
2025-02-17,11.313685549199084,0.402609999999999,19.502139999999997,3.10035208893089,11.553677,6.9077363,18.406084,1.309264
2025-02-18,11.659535389016018,-3.1009200000000017,21.00047,3.226385853043325,11.684592,7.6073985,17.571205,1.2735957
2025-02-19,12.384170720823796,-2.29884,20.59943,3.1421275799570116,12.404744,8.654047,16.942259,1.2226106
2025-02-20,12.524134496567504,-1.001030000000001,20.398909999999997,3.0628184627293518,12.525113,9.168654,15.65157,1.1516005
2025-02-21,12.010317929061783,-1.7975400000000012,19.797349999999994,3.186890898562659,11.91938,7.0127273,16.692225,1.2323912
2025-02-22,10.825482059496567,-5.501590000000001,20.19839,3.874634156877735,10.970255,6.313928,16.098469,1.3568745
2025-02-23,10.706490401376145,-3.70248,21.50177,3.619707098028765,10.868106,6.358874,17.142506,1.2892574
2025-02-24,11.414493597701147,0.20208999999999946,21.40151,3.431254501499331,11.295688,6.9619446,15.190378,1.3003768
2025-02-25,10.366859827586206,-5.000290000000001,21.702289999999998,4.2871147300598125,10.332373,4.7589097,17.550638,1.4772123
2025-02-26,9.43917952873563,-6.99992,20.19839,4.075771753477211,9.515369,4.926177,16.206345,1.4180466
2025-02-27,9.943732886597937,-4.097950000000002,21.00047,3.821332257239538,10.05624,5.4836016,15.5150585,1.4104382
2025-02-28,10.006442413793101,-5.000290000000001,19.99787,3.623074482454259,10.275149,5.7804575,14.930537,1.2999353
2025-03-01,8.740498441860463,-6.7994,20.19839,4.42438607407403,8.906203,3.553374,16.059599,1.453269
2025-03-02,7.9790058926487735,-6.19784,19.70266,4.755830859116735,8.450436,3.3467865,14.214146,1.5843505
2025-03-03,10.267138426573425,-5.000290000000001,19.897609999999997,4.0068739648279825,10.65023,6.5462284,15.651932,1.3263686
2025-03-04,11.565331445221442,-1.897800000000001,19.797349999999994,3.231351685557122,11.740045,6.228862,17.74881,1.2399559
